# wavelength (nm),nmf_reduced,nmf_oxidized,nmf_semiquinone,pure_oxidized,pure_reduced
3.200000000000000000e+02,6.865346302246635446e-01,7.124614777839393190e-03,3.836568099188623210e-02,3.569999999999999840e-01,3.989999999999999658e-01
3.210000000000000000e+02,6.586591500309486591e-01,1.373078470144485468e-02,5.427119956204711632e-02,3.480000000000000315e-01,3.840000000000000080e-01
3.220000000000000000e+02,6.311511134959982838e-01,1.955297887055095635e-02,7.214965138925087673e-02,3.390000000000000235e-01,3.689999999999999947e-01
3.230000000000000000e+02,6.026376916598135125e-01,2.395495525885790733e-02,9.314330332512152366e-02,3.300000000000000155e-01,3.519999999999999796e-01
3.240000000000000000e+02,5.796830636378560442e-01,2.937542428648898946e-02,1.036658454175867355e-01,3.230000000000000093e-01,3.389999999999999680e-01
3.250000000000000000e+02,5.622970158836098076e-01,3.474641385101869678e-02,1.145578559522985040e-01,3.180000000000000049e-01,3.300000000000000155e-01
3.260000000000000000e+02,5.459948234974681958e-01,4.078033783552809100e-02,1.313139210556366898e-01,3.140000000000000013e-01,3.200000000000000067e-01
3.270000000000000000e+02,5.384088433858530420e-01,4.427046285414412002e-02,1.346198564654420560e-01,3.130000000000000004e-01,3.160000000000000031e-01
3.280000000000000000e+02,5.262009553445921028e-01,4.735000835746432796e-02,1.373345278990980856e-01,3.089999999999999969e-01,3.089999999999999969e-01
3.290000000000000000e+02,5.124669509875032780e-01,5.039824233290388783e-02,1.464453608696905940e-01,3.049999999999999933e-01,3.009999999999999898e-01
3.300000000000000000e+02,4.990076532902801287e-01,5.380099078402122981e-02,1.410354270392850662e-01,3.019999999999999907e-01,2.929999999999999827e-01
3.310000000000000000e+02,4.854052355617310965e-01,5.757096793917827054e-02,1.365511241391400288e-01,2.979999999999999871e-01,2.849999999999999756e-01
3.320000000000000000e+02,4.694117023465813054e-01,6.166512558684240919e-02,1.363834896810698083e-01,2.929999999999999827e-01,2.759999999999999676e-01
3.330000000000000000e+02,4.539175201567260398e-01,6.511942590600471037e-02,1.422712979455121596e-01,2.879999999999999782e-01,2.670000000000000151e-01
3.340000000000000000e+02,4.391778971472369286e-01,6.842477975252325706e-02,1.431218375353790484e-01,2.840000000000000302e-01,2.590000000000000080e-01
3.350000000000000000e+02,4.270700420614310655e-01,7.228507452951463130e-02,1.396954867131810774e-01,2.800000000000000266e-01,2.520000000000000018e-01
3.360000000000000000e+02,4.159198033036306530e-01,7.814712589639950802e-02,1.304281355005684206e-01,2.800000000000000266e-01,2.459999999999999964e-01
3.370000000000000000e+02,4.067109850641846269e-01,7.975440594186447574e-02,1.272235257839397782e-01,2.770000000000000240e-01,2.389999999999999902e-01
3.380000000000000000e+02,3.986509663212720600e-01,8.342979963539393085e-02,1.196830163450229717e-01,2.760000000000000231e-01,2.349999999999999867e-01
3.390000000000000000e+02,3.902325109592664210e-01,8.715878998152248869e-02,1.172734293471488082e-01,2.750000000000000222e-01,2.309999999999999831e-01
3.400000000000000000e+02,3.849608287975538334e-01,9.039762902145649648e-02,1.095126602380985803e-01,2.750000000000000222e-01,2.269999999999999796e-01
3.410000000000000000e+02,3.803036575718975465e-01,9.419963188418842281e-02,1.016455650101768665e-01,2.750000000000000222e-01,2.229999999999999760e-01
3.420000000000000000e+02,3.752544950715677174e-01,9.726043506588789855e-02,9.612371124706182990e-02,2.740000000000000213e-01,2.219999999999999751e-01
3.430000000000000000e+02,3.691294771782103190e-01,1.019262882219046928e-01,9.943555442148116486e-02,2.750000000000000222e-01,2.189999999999999725e-01
3.440000000000000000e+02,3.656506820427926630e-01,1.030303879056208016e-01,9.326285568681035032e-02,2.750000000000000222e-01,2.169999999999999707e-01
3.450000000000000000e+02,3.622313769260242511e-01,1.068514011437017991e-01,8.646997764379588114e-02,2.760000000000000231e-01,2.139999999999999680e-01
3.460000000000000000e+02,3.599533154942672342e-01,1.098433598901885772e-01,7.734257343790079675e-02,2.780000000000000249e-01,2.119999999999999662e-01
3.470000000000000000e+02,3.601830226652463218e-01,1.116065380288900344e-01,6.289666792656008198e-02,2.810000000000000275e-01,2.129999999999999671e-01
3.480000000000000000e+02,3.589859896306024090e-01,1.159239328800334284e-01,5.719259672697882962e-02,2.820000000000000284e-01,2.119999999999999662e-01
3.490000000000000000e+02,3.580609259036403036e-01,1.189976738875370560e-01,5.050200485521715021e-02,2.840000000000000302e-01,2.109999999999999654e-01
3.500000000000000000e+02,3.558823054490752869e-01,1.216254071438131606e-01,4.786724025821655071e-02,2.850000000000000311e-01,2.090000000000000191e-01
3.510000000000000000e+02,3.540722472314415392e-01,1.232524893844472585e-01,4.568736051759065414e-02,2.859999999999999765e-01,2.090000000000000191e-01
3.520000000000000000e+02,3.528993958339626813e-01,1.289208027808619594e-01,3.388012030275244085e-02,2.899999999999999800e-01,2.070000000000000173e-01
3.530000000000000000e+02,3.503453689789344239e-01,1.331010257262650043e-01,3.151603556579252174e-02,2.929999999999999827e-01,2.050000000000000155e-01
3.540000000000000000e+02,3.480426085532561387e-01,1.354677639607662354e-01,3.669762572829489422e-02,2.929999999999999827e-01,2.030000000000000138e-01
3.550000000000000000e+02,3.462763104579792417e-01,1.367982719218037435e-01,2.181900042228075709e-02,2.949999999999999845e-01,2.030000000000000138e-01
3.560000000000000000e+02,3.454003621597955820e-01,1.382835650139773997e-01,2.024700087692695924e-02,2.959999999999999853e-01,2.020000000000000129e-01
3.570000000000000000e+02,3.417672021877501964e-01,1.421981302678436976e-01,2.964022998641881873e-02,2.959999999999999853e-01,2.010000000000000120e-01
3.580000000000000000e+02,3.399360104403665872e-01,1.444824546585711245e-01,2.862820227320881164e-02,2.979999999999999871e-01,1.990000000000000102e-01
3.590000000000000000e+02,3.380283519657558133e-01,1.454842859532330113e-01,2.582735485712809795e-02,2.979999999999999871e-01,1.970000000000000084e-01
3.600000000000000000e+02,3.360427333248640069e-01,1.474684991660159539e-01,2.539847040083056950e-02,2.969999999999999862e-01,1.970000000000000084e-01
3.610000000000000000e+02,3.325871865476628941e-01,1.487024359112432137e-01,3.279105889754293374e-02,2.959999999999999853e-01,1.960000000000000075e-01
3.620000000000000000e+02,3.296863625960415600e-01,1.490791043401170080e-01,2.949450626473943890e-02,2.949999999999999845e-01,1.930000000000000049e-01
3.630000000000000000e+02,3.277288622331521184e-01,1.493531894579757102e-01,2.832551135447784058e-02,2.949999999999999845e-01,1.910000000000000031e-01
3.640000000000000000e+02,3.266745861219255698e-01,1.507576474413350187e-01,2.369107957093087580e-02,2.949999999999999845e-01,1.910000000000000031e-01
3.650000000000000000e+02,3.248900030604218725e-01,1.481145474681689611e-01,2.187165558151822967e-02,2.929999999999999827e-01,1.900000000000000022e-01
3.660000000000000000e+02,3.214799078008666600e-01,1.485582720506521126e-01,2.494962097276083590e-02,2.909999999999999809e-01,1.880000000000000004e-01
3.670000000000000000e+02,3.175508516579820806e-01,1.499693419168814379e-01,2.869135961467256246e-02,2.899999999999999800e-01,1.859999999999999987e-01
3.680000000000000000e+02,3.136186839586856956e-01,1.505777136577604591e-01,3.593789476104109620e-02,2.889999999999999791e-01,1.839999999999999969e-01
3.690000000000000000e+02,3.105591887708613053e-01,1.530407889493071161e-01,2.990094396810507454e-02,2.899999999999999800e-01,1.819999999999999951e-01
3.700000000000000000e+02,3.071481751279516170e-01,1.543502903672065441e-01,3.035480874823264993e-02,2.889999999999999791e-01,1.799999999999999933e-01
3.710000000000000000e+02,3.026292479965311255e-01,1.600050067867495041e-01,3.936025184541081662e-02,2.899999999999999800e-01,1.789999999999999925e-01
3.720000000000000000e+02,2.982456160801872369e-01,1.623495513095272735e-01,3.621984726671188815e-02,2.899999999999999800e-01,1.749999999999999889e-01
3.730000000000000000e+02,2.941011838797729094e-01,1.672303400267519113e-01,4.279215821364828337e-02,2.919999999999999818e-01,1.719999999999999862e-01
3.740000000000000000e+02,2.888283889317691533e-01,1.725006307312520470e-01,4.688582686360449198e-02,2.929999999999999827e-01,1.689999999999999836e-01
3.750000000000000000e+02,2.829792861173809904e-01,1.763841341229538395e-01,5.611031500024066254e-02,2.929999999999999827e-01,1.659999999999999809e-01
3.760000000000000000e+02,2.778080760878249844e-01,1.793996210477655784e-01,6.215560431096640859e-02,2.919999999999999818e-01,1.630000000000000338e-01
3.770000000000000000e+02,2.715326572749365841e-01,1.816060367627457262e-01,6.834347462525598715e-02,2.909999999999999809e-01,1.590000000000000302e-01
3.780000000000000000e+02,2.669760268356655697e-01,1.814016566070472958e-01,7.031369316993771323e-02,2.889999999999999791e-01,1.570000000000000284e-01
3.790000000000000000e+02,2.617227412963548105e-01,1.828415597050158659e-01,7.923327740992142099e-02,2.869999999999999774e-01,1.550000000000000266e-01
3.800000000000000000e+02,2.573380840514082335e-01,1.818939055579188169e-01,7.591365344835736273e-02,2.830000000000000293e-01,1.520000000000000240e-01
3.810000000000000000e+02,2.513367625083825496e-01,1.785987990672144865e-01,8.182320996243663824e-02,2.760000000000000231e-01,1.480000000000000204e-01
3.820000000000000000e+02,2.456645367129251800e-01,1.713413787041908609e-01,9.058854035340561939e-02,2.690000000000000169e-01,1.450000000000000178e-01
3.830000000000000000e+02,2.405211382060088443e-01,1.659210935872709736e-01,9.341054431304679495e-02,2.620000000000000107e-01,1.430000000000000160e-01
3.840000000000000000e+02,2.360928342233073740e-01,1.571360909074661638e-01,9.363546214496662468e-02,2.520000000000000018e-01,1.410000000000000142e-01
3.850000000000000000e+02,2.296352563382696166e-01,1.496188876958652603e-01,1.011349262466773036e-01,2.419999999999999929e-01,1.360000000000000098e-01
3.860000000000000000e+02,2.238618643330655689e-01,1.402652684847568720e-01,1.038591993295462090e-01,2.309999999999999831e-01,1.320000000000000062e-01
3.870000000000000000e+02,2.184179104956811557e-01,1.280746375177988228e-01,1.063677254313896703e-01,2.190000000000000280e-01,1.300000000000000044e-01
3.880000000000000000e+02,2.138722172201036886e-01,1.192418465513163661e-01,9.694681364906021503e-02,2.100000000000000200e-01,1.280000000000000027e-01
3.890000000000000000e+02,2.077163132623018882e-01,1.095887758703835702e-01,9.881949982486841477e-02,2.000000000000000111e-01,1.250000000000000000e-01
3.900000000000000000e+02,2.031687195305136862e-01,9.952799720328445177e-02,9.099072065370453211e-02,1.890000000000000013e-01,1.220000000000000112e-01
3.910000000000000000e+02,1.979615883281958533e-01,9.353001154193367472e-02,8.052277221356050896e-02,1.809999999999999942e-01,1.190000000000000085e-01
3.920000000000000000e+02,1.932103370714250978e-01,8.814136640670040823e-02,7.721118423476427961e-02,1.740000000000000158e-01,1.150000000000000050e-01
3.930000000000000000e+02,1.889672835812695184e-01,8.369546444352826686e-02,6.430811164626168419e-02,1.690000000000000113e-01,1.130000000000000032e-01
3.940000000000000000e+02,1.835755283600014054e-01,7.998719653725891443e-02,6.364557247062575807e-02,1.630000000000000060e-01,1.110000000000000014e-01
3.950000000000000000e+02,1.789393674324896988e-01,7.695703402036931096e-02,6.186947204340496193e-02,1.580000000000000016e-01,1.089999999999999997e-01
3.960000000000000000e+02,1.745743001672894201e-01,7.647422906302603351e-02,5.765000772594151141e-02,1.559999999999999998e-01,1.059999999999999970e-01
3.970000000000000000e+02,1.706411641283850644e-01,7.577434065487362314e-02,5.131254209646537306e-02,1.539999999999999980e-01,1.029999999999999943e-01
3.980000000000000000e+02,1.662583948887862706e-01,7.725385536402577802e-02,4.841365241222744809e-02,1.519999999999999962e-01,1.009999999999999926e-01
3.990000000000000000e+02,1.620009290552182901e-01,7.825809208439302167e-02,4.716285539263281174e-02,1.509999999999999953e-01,9.900000000000001854e-02
4.000000000000000000e+02,1.584441432978660191e-01,7.978096202979621798e-02,4.902824942798741925e-02,1.499999999999999944e-01,9.700000000000001676e-02
4.010000000000000000e+02,1.543695481279184767e-01,8.193006609972236509e-02,4.445024538631983657e-02,1.479999999999999927e-01,9.500000000000001499e-02
4.020000000000000000e+02,1.508730944245719741e-01,8.623719037218667560e-02,4.751901876480468800e-02,1.499999999999999944e-01,9.200000000000001232e-02
4.030000000000000000e+02,1.462715240778372505e-01,9.072061641344485172e-02,4.842595820988874339e-02,1.519999999999999962e-01,8.900000000000000966e-02
4.040000000000000000e+02,1.430049324577150061e-01,9.503721867668928069e-02,5.073986928483778525e-02,1.539999999999999980e-01,8.800000000000000877e-02
4.050000000000000000e+02,1.397020148536174400e-01,9.954343138520722889e-02,5.260890993033449925e-02,1.559999999999999998e-01,8.600000000000000699e-02
4.060000000000000000e+02,1.370762161802375756e-01,1.058036247008957847e-01,4.976578481897583894e-02,1.590000000000000024e-01,8.400000000000000522e-02
4.070000000000000000e+02,1.334961306828697791e-01,1.128188348504961802e-01,5.558447402815932387e-02,1.630000000000000060e-01,8.200000000000000344e-02
4.080000000000000000e+02,1.309026670542226822e-01,1.189140628400537220e-01,5.574127829123792788e-02,1.660000000000000087e-01,8.100000000000000255e-02
4.090000000000000000e+02,1.283340207963898361e-01,1.262004640065401140e-01,5.655011382146517274e-02,1.700000000000000122e-01,7.900000000000000078e-02
4.100000000000000000e+02,1.257745711471310313e-01,1.334477594938438261e-01,6.288709017461598105e-02,1.740000000000000158e-01,7.799999999999999989e-02
4.110000000000000000e+02,1.233458648954159076e-01,1.391655744110250892e-01,6.107919001407823706e-02,1.779999999999999916e-01,7.599999999999999811e-02
4.120000000000000000e+02,1.202790273757929213e-01,1.473066983326560275e-01,6.595854754173798018e-02,1.829999999999999960e-01,7.499999999999999722e-02
4.130000000000000000e+02,1.184025350605402982e-01,1.540975177669266227e-01,6.651860012993053572e-02,1.880000000000000004e-01,7.399999999999999634e-02
4.140000000000000000e+02,1.161756370111418218e-01,1.607109217766401199e-01,6.721697917273081191e-02,1.920000000000000040e-01,7.199999999999999456e-02
4.150000000000000000e+02,1.128205411074835046e-01,1.687111952728930220e-01,7.400049622905667535e-02,1.970000000000000084e-01,6.999999999999999278e-02
4.160000000000000000e+02,1.108623475832587468e-01,1.740691026888708526e-01,7.458751288096036880e-02,2.000000000000000111e-01,6.900000000000001965e-02
4.170000000000000000e+02,1.089851752315699751e-01,1.769087160610318399e-01,7.901842739660633330e-02,2.010000000000000120e-01,6.800000000000001876e-02
4.180000000000000000e+02,1.069796841079527772e-01,1.819234453846841904e-01,8.174211574993686669e-02,2.040000000000000147e-01,6.700000000000001787e-02
4.190000000000000000e+02,1.043178953335389542e-01,1.853391416476223019e-01,8.401899013730501631e-02,2.060000000000000164e-01,6.500000000000001610e-02
4.200000000000000000e+02,1.017529585367939610e-01,1.895455657065551469e-01,8.903399894146715732e-02,2.080000000000000182e-01,6.500000000000001610e-02
4.210000000000000000e+02,9.956811551955567496e-02,1.926433564704460311e-01,9.255009574548157814e-02,2.100000000000000200e-01,6.300000000000001432e-02
4.220000000000000000e+02,9.761479264969109837e-02,1.944687101633467419e-01,9.277435591034255413e-02,2.110000000000000209e-01,6.200000000000001343e-02
4.230000000000000000e+02,9.519285592905346594e-02,1.980347432703550570e-01,9.813583359360458780e-02,2.120000000000000218e-01,6.000000000000001166e-02
4.240000000000000000e+02,9.342832514203901206e-02,2.002314742526651037e-01,1.001837370168398855e-01,2.130000000000000226e-01,5.900000000000001077e-02
4.250000000000000000e+02,9.184424467193356978e-02,2.037132658366513083e-01,1.034227443123279244e-01,2.150000000000000244e-01,5.800000000000000988e-02
4.260000000000000000e+02,8.983264247792092927e-02,2.070578621946091435e-01,1.056898288704360700e-01,2.160000000000000253e-01,5.700000000000000899e-02
4.270000000000000000e+02,8.784150990294008199e-02,2.105998174014685476e-01,1.104941106235655945e-01,2.190000000000000280e-01,5.500000000000000722e-02
4.280000000000000000e+02,8.697912072072748468e-02,2.156059624071312575e-01,1.094140765853462705e-01,2.220000000000000306e-01,5.500000000000000722e-02
4.290000000000000000e+02,8.472281092552781667e-02,2.213286350149686332e-01,1.159986224299585367e-01,2.249999999999999778e-01,5.400000000000000633e-02
4.300000000000000000e+02,8.312151930933751875e-02,2.274198788011408956e-01,1.179164908419428753e-01,2.289999999999999813e-01,5.300000000000000544e-02
4.310000000000000000e+02,8.212204778374834757e-02,2.343279856259728455e-01,1.187754869585079531e-01,2.339999999999999858e-01,5.300000000000000544e-02
4.320000000000000000e+02,7.969073902698139977e-02,2.428364956574382560e-01,1.237490498932089095e-01,2.389999999999999902e-01,5.200000000000000455e-02
4.330000000000000000e+02,7.837892390089178096e-02,2.500306078109368890e-01,1.266986653412864317e-01,2.439999999999999947e-01,5.100000000000000366e-02
4.340000000000000000e+02,7.638239504182144091e-02,2.577776769942892732e-01,1.316507336048680921e-01,2.489999999999999991e-01,5.000000000000000278e-02
4.350000000000000000e+02,7.438770982414089072e-02,2.673663960401551076e-01,1.362207891086997524e-01,2.560000000000000053e-01,4.800000000000000100e-02
4.360000000000000000e+02,7.261097712706125751e-02,2.743841395504146852e-01,1.419837762482693555e-01,2.600000000000000089e-01,4.700000000000000011e-02
4.370000000000000000e+02,7.087453173720864585e-02,2.824085495658360534e-01,1.467733466559041355e-01,2.660000000000000142e-01,4.600000000000001310e-02
4.380000000000000000e+02,6.906650854553599006e-02,2.899916085539097632e-01,1.498418004651951574e-01,2.710000000000000187e-01,4.600000000000001310e-02
4.390000000000000000e+02,6.796584011296676053e-02,2.967911928682265832e-01,1.525657718111419481e-01,2.760000000000000231e-01,4.500000000000001221e-02
4.400000000000000000e+02,6.629586787611603527e-02,3.020725592329631670e-01,1.567735808149222088e-01,2.790000000000000258e-01,4.300000000000001044e-02
4.410000000000000000e+02,6.543900093897631054e-02,3.071082327599325978e-01,1.547750895227592294e-01,2.830000000000000293e-01,4.200000000000000955e-02
4.420000000000000000e+02,6.436262912247814327e-02,3.097860428189444515e-01,1.572358127744132583e-01,2.850000000000000311e-01,4.200000000000000955e-02
4.430000000000000000e+02,6.272999653048931534e-02,3.122907605270502929e-01,1.623847906124951390e-01,2.859999999999999765e-01,4.100000000000000866e-02
4.440000000000000000e+02,6.130990442400276880e-02,3.138228901857127995e-01,1.653798355485098792e-01,2.859999999999999765e-01,4.100000000000000866e-02
4.450000000000000000e+02,5.950051075438535231e-02,3.150741340750269348e-01,1.673728922528406049e-01,2.859999999999999765e-01,3.900000000000000688e-02
4.460000000000000000e+02,5.805039105122775794e-02,3.124184800661283234e-01,1.685212874726553511e-01,2.830000000000000293e-01,3.900000000000000688e-02
4.470000000000000000e+02,5.710277131374028731e-02,3.096724895060099514e-01,1.687152108090132219e-01,2.800000000000000266e-01,3.800000000000000600e-02
4.480000000000000000e+02,5.524685316317246714e-02,3.057103666294099797e-01,1.743150990118044474e-01,2.760000000000000231e-01,3.700000000000000511e-02
4.490000000000000000e+02,5.408538505812270081e-02,2.967119644889941732e-01,1.754216805180399685e-01,2.690000000000000169e-01,3.600000000000000422e-02
4.500000000000000000e+02,5.238409402434334589e-02,2.917727579928014459e-01,1.789052030235143143e-01,2.640000000000000124e-01,3.600000000000000422e-02
4.510000000000000000e+02,5.101577001971090153e-02,2.855477596276134178e-01,1.812739323053200458e-01,2.580000000000000071e-01,3.500000000000000333e-02
4.520000000000000000e+02,4.956593649676412083e-02,2.791078014220293446e-01,1.822325647998916942e-01,2.520000000000000018e-01,3.400000000000000244e-02
4.530000000000000000e+02,4.826630807968029097e-02,2.729689410309777409e-01,1.853848625363070934e-01,2.469999999999999973e-01,3.400000000000000244e-02
4.540000000000000000e+02,4.726939529648496036e-02,2.678365128335957746e-01,1.829869609718997314e-01,2.419999999999999929e-01,3.300000000000000155e-02
4.550000000000000000e+02,4.679916413528538432e-02,2.639312079708356906e-01,1.831256309884981837e-01,2.389999999999999902e-01,3.300000000000000155e-02
4.560000000000000000e+02,4.523761124874640244e-02,2.602886292510945832e-01,1.874597824565079063e-01,2.349999999999999867e-01,3.200000000000000067e-02
4.570000000000000000e+02,4.392731555705382124e-02,2.584973474347512234e-01,1.910660336867901488e-01,2.319999999999999840e-01,3.099999999999999978e-02
4.580000000000000000e+02,4.326091608263149535e-02,2.581267635469180477e-01,1.874214639619289635e-01,2.319999999999999840e-01,3.099999999999999978e-02
4.590000000000000000e+02,4.169574191499405419e-02,2.584680201689407708e-01,1.910591107131120459e-01,2.309999999999999831e-01,3.000000000000001277e-02
4.600000000000000000e+02,4.056478860233240363e-02,2.584223020871042054e-01,1.943194225998582936e-01,2.299999999999999822e-01,2.900000000000001188e-02
4.610000000000000000e+02,4.021818463054561282e-02,2.609926331005280042e-01,1.914502575342121315e-01,2.329999999999999849e-01,2.900000000000001188e-02
4.620000000000000000e+02,3.985509213405038359e-02,2.619537082260823269e-01,1.941095330649203476e-01,2.329999999999999849e-01,2.900000000000001188e-02
4.630000000000000000e+02,3.867130504676494218e-02,2.655952885339633029e-01,1.963857102366760310e-01,2.349999999999999867e-01,2.800000000000001099e-02
4.640000000000000000e+02,3.811808028565029371e-02,2.693253178989821195e-01,1.982663753681004060e-01,2.369999999999999885e-01,2.800000000000001099e-02
4.650000000000000000e+02,3.748129772481378907e-02,2.724107294995440354e-01,2.003425806944965082e-01,2.389999999999999902e-01,2.700000000000001010e-02
4.660000000000000000e+02,3.661538781897439448e-02,2.752815385780612578e-01,2.045389041428122001e-01,2.399999999999999911e-01,2.700000000000001010e-02
4.670000000000000000e+02,3.655491579314130296e-02,2.774022591082924150e-01,2.008267122253478143e-01,2.419999999999999929e-01,2.700000000000001010e-02
4.680000000000000000e+02,3.545925737602487193e-02,2.781332067774425210e-01,2.063712247625018037e-01,2.419999999999999929e-01,2.600000000000000921e-02
4.690000000000000000e+02,3.497084003145756875e-02,2.787385699776737114e-01,2.063587393946262893e-01,2.429999999999999938e-01,2.600000000000000921e-02
4.700000000000000000e+02,3.413579561823028991e-02,2.781125636198993334e-01,2.085669374110402097e-01,2.419999999999999929e-01,2.600000000000000921e-02
4.710000000000000000e+02,3.401006853900778726e-02,2.771500450424506101e-01,2.054687040841818302e-01,2.409999999999999920e-01,2.600000000000000921e-02
4.720000000000000000e+02,3.301943899929777465e-02,2.760462640521427202e-01,2.065538561755288216e-01,2.389999999999999902e-01,2.500000000000000833e-02
4.730000000000000000e+02,3.233171650240866668e-02,2.717040598241570182e-01,2.107876294998320410e-01,2.349999999999999867e-01,2.400000000000000744e-02
4.740000000000000000e+02,3.189019807947440777e-02,2.667858066502061254e-01,2.108921960691209907e-01,2.309999999999999831e-01,2.400000000000000744e-02
4.750000000000000000e+02,3.098174944994504937e-02,2.556721908207385541e-01,2.109699477547401225e-01,2.220000000000000306e-01,2.400000000000000744e-02
4.760000000000000000e+02,3.099908553966951308e-02,2.456447264756660975e-01,2.065859737946570407e-01,2.140000000000000235e-01,2.400000000000000744e-02
4.770000000000000000e+02,3.028226354554657690e-02,2.341203509914285275e-01,2.088512244726368206e-01,2.040000000000000147e-01,2.300000000000000655e-02
4.780000000000000000e+02,3.009153172624826761e-02,2.209243109879334144e-01,2.047893972432120180e-01,1.940000000000000058e-01,2.300000000000000655e-02
4.790000000000000000e+02,2.905592913370989502e-02,2.063647300314098154e-01,2.059442364139781878e-01,1.819999999999999951e-01,2.200000000000000566e-02
4.800000000000000000e+02,2.824243838520988995e-02,1.902369910743002823e-01,2.060386028242988665e-01,1.690000000000000113e-01,2.100000000000000477e-02
4.810000000000000000e+02,2.785873814655334332e-02,1.736427468523130957e-01,1.981676849763079895e-01,1.559999999999999998e-01,2.100000000000000477e-02
4.820000000000000000e+02,2.665634379046857849e-02,1.547613877596498710e-01,1.999710258214122405e-01,1.400000000000000133e-01,2.100000000000000477e-02
4.830000000000000000e+02,2.496654110420490694e-02,1.378084193901631394e-01,1.993713531252062354e-01,1.260000000000000009e-01,2.000000000000000389e-02
4.840000000000000000e+02,2.441804953602615819e-02,1.240361696603579783e-01,1.979881032340991831e-01,1.149999999999999911e-01,2.000000000000000389e-02
4.850000000000000000e+02,2.462980644509201941e-02,1.091845005664597440e-01,1.997881566651983076e-01,1.040000000000000091e-01,2.000000000000000389e-02
4.860000000000000000e+02,2.490060075858598759e-02,9.525084903163608119e-02,1.924370114764532014e-01,9.299999999999999933e-02,2.000000000000000389e-02
4.870000000000000000e+02,2.346235169468202306e-02,8.286606918455670379e-02,1.940098311149484889e-01,8.200000000000001732e-02,1.900000000000000300e-02
4.880000000000000000e+02,2.360644381841620759e-02,7.188728695439770833e-02,1.918370425855326356e-01,7.300000000000000933e-02,1.900000000000000300e-02
4.890000000000000000e+02,2.341190769239080011e-02,6.265624203441363949e-02,1.935021583494150599e-01,6.600000000000000311e-02,1.900000000000000300e-02
4.900000000000000000e+02,2.310196578139333407e-02,5.359390455809116133e-02,1.924702278842610748e-01,5.800000000000000294e-02,1.900000000000000300e-02
4.910000000000000000e+02,2.257072717172529247e-02,4.629635202842961178e-02,1.943835833960350090e-01,5.099999999999999672e-02,1.900000000000000300e-02
4.920000000000000000e+02,2.217812047894930638e-02,3.997125025630271500e-02,1.952637910552757761e-01,4.599999999999999228e-02,1.900000000000000300e-02
4.930000000000000000e+02,2.247797488839948718e-02,3.163970201019367101e-02,1.931200673016834624e-01,4.000000000000000083e-02,1.900000000000000300e-02
4.940000000000000000e+02,2.211984288845621205e-02,2.777420147630254091e-02,1.936933862438554310e-01,3.599999999999999728e-02,1.900000000000000300e-02
4.950000000000000000e+02,2.219113699031345990e-02,2.461981915441831606e-02,1.915592057150050098e-01,3.299999999999999462e-02,1.900000000000000300e-02
4.960000000000000000e+02,2.207353873078129330e-02,2.114445245852911506e-02,1.908302968955958856e-01,2.999999999999999195e-02,1.900000000000000300e-02
4.970000000000000000e+02,2.176317826049624371e-02,1.892403055473305257e-02,1.921058135883676743e-01,2.799999999999999017e-02,1.900000000000000300e-02
4.980000000000000000e+02,2.107599537695240693e-02,1.723512949473634745e-02,1.940983742400524681e-01,2.600000000000000228e-02,1.900000000000000300e-02
4.990000000000000000e+02,2.153796944316435300e-02,1.462722773965970287e-02,1.910049223339842506e-01,2.400000000000000050e-02,1.900000000000000300e-02
5.000000000000000000e+02,2.152536607373118152e-02,1.307333514088930906e-02,1.915247178681172280e-01,2.299999999999999961e-02,1.900000000000000300e-02
5.010000000000000000e+02,2.151556782956941943e-02,1.237938500981702362e-02,1.944252589004820397e-01,2.199999999999999872e-02,1.900000000000000300e-02
5.020000000000000000e+02,2.117337345981334940e-02,1.038747734807936654e-02,1.916534669499749821e-01,1.999999999999999695e-02,1.800000000000000211e-02
5.030000000000000000e+02,2.081561390155748509e-02,1.042021144799552303e-02,1.937891014137635703e-01,1.999999999999999695e-02,1.800000000000000211e-02
5.040000000000000000e+02,2.092191369915141416e-02,9.003539423690927468e-03,1.915559490686685462e-01,1.899999999999999606e-02,1.900000000000000300e-02
5.050000000000000000e+02,2.104423223480660771e-02,8.151835569612821825e-03,1.912214246470930468e-01,1.799999999999999517e-02,1.800000000000000211e-02
5.060000000000000000e+02,2.114475934441965854e-02,8.220728096556767853e-03,1.869720615428171473e-01,1.799999999999999517e-02,1.800000000000000211e-02
5.070000000000000000e+02,2.051457196337896222e-02,8.253078081060074081e-03,1.883499691799251918e-01,1.799999999999999517e-02,1.700000000000000122e-02
5.080000000000000000e+02,2.043437558391657249e-02,6.812850956281209236e-03,1.879220715981194112e-01,1.699999999999999428e-02,1.700000000000000122e-02
5.090000000000000000e+02,1.990952681227850171e-02,6.315294754076813954e-03,1.910658352077574118e-01,1.599999999999999339e-02,1.800000000000000211e-02
5.100000000000000000e+02,1.963268538067984917e-02,6.696494012891318105e-03,1.881045363107553270e-01,1.599999999999999339e-02,1.700000000000000122e-02
5.110000000000000000e+02,1.951333221497924750e-02,6.435426082855419741e-03,1.878432146025982297e-01,1.599999999999999339e-02,1.700000000000000122e-02
5.120000000000000000e+02,1.989311960346292624e-02,4.823351175261249117e-03,1.840906707468986103e-01,1.499999999999999251e-02,1.700000000000000122e-02
5.130000000000000000e+02,1.948408365359959385e-02,5.173037071907215546e-03,1.848442900298373215e-01,1.499999999999999251e-02,1.700000000000000122e-02
5.140000000000000000e+02,1.928135503424817029e-02,6.291162561435081034e-03,1.813624615265508333e-01,1.599999999999999339e-02,1.700000000000000122e-02
5.150000000000000000e+02,1.880834493147172382e-02,4.485391570940267317e-03,1.831184303668328406e-01,1.399999999999999162e-02,1.700000000000000122e-02
5.160000000000000000e+02,1.904941112145571228e-02,4.674522370612717130e-03,1.792531063018567294e-01,1.399999999999999162e-02,1.600000000000000033e-02
5.170000000000000000e+02,1.852456202900689894e-02,5.619509621050353468e-03,1.782248943930893614e-01,1.499999999999999251e-02,1.700000000000000122e-02
5.180000000000000000e+02,1.856686974714470348e-02,4.776176147850653628e-03,1.757004078836125471e-01,1.399999999999999162e-02,1.700000000000000122e-02
5.190000000000000000e+02,1.864630119890820989e-02,3.952561069834045065e-03,1.760465153125018445e-01,1.399999999999999162e-02,1.600000000000000033e-02
5.200000000000000000e+02,1.896343112135363482e-02,3.384971040030733576e-03,1.727845832907908552e-01,1.399999999999999162e-02,1.600000000000000033e-02
5.210000000000000000e+02,1.833226242271989229e-02,3.702278425395069249e-03,1.735523752824467136e-01,1.399999999999999162e-02,1.600000000000000033e-02
5.220000000000000000e+02,1.858430879269119124e-02,3.495073701946731226e-03,1.674419916295702693e-01,1.399999999999999162e-02,1.499999999999999944e-02
5.230000000000000000e+02,1.805413162176825251e-02,3.652074238545424678e-03,1.693824783211359819e-01,1.299999999999999073e-02,1.499999999999999944e-02
5.240000000000000000e+02,1.747397974845242910e-02,3.919767103722887266e-03,1.700085460890222722e-01,1.299999999999999073e-02,1.499999999999999944e-02
5.250000000000000000e+02,1.717448910065449280e-02,3.669473641341150678e-03,1.685325122388853514e-01,1.299999999999999073e-02,1.499999999999999944e-02
5.260000000000000000e+02,1.680712096615603543e-02,2.639570430268874720e-03,1.690242076323884290e-01,1.200000000000000372e-02,1.499999999999999944e-02
5.270000000000000000e+02,1.625385301270040189e-02,2.521118036625840959e-03,1.663105187189932999e-01,1.200000000000000372e-02,1.400000000000001243e-02
5.280000000000000000e+02,1.486960856990312066e-02,3.258207870072229919e-03,1.675383208724664508e-01,1.200000000000000372e-02,1.400000000000001243e-02
5.290000000000000000e+02,1.561127194004940065e-02,2.683878146399378082e-03,1.629108688501699764e-01,1.200000000000000372e-02,1.400000000000001243e-02
5.300000000000000000e+02,1.722601708674958987e-02,9.135363811343383397e-04,1.579367318455742464e-01,1.200000000000000372e-02,1.499999999999999944e-02
5.310000000000000000e+02,1.687250538025924715e-02,6.077390431584131936e-04,1.589595627231460973e-01,1.200000000000000372e-02,1.499999999999999944e-02
5.320000000000000000e+02,1.615167280672252445e-02,2.206920566137839101e-03,1.582210414562374157e-01,1.200000000000000372e-02,1.400000000000001243e-02
5.330000000000000000e+02,1.606792819523766847e-02,2.454232801012081952e-03,1.601241852995702042e-01,1.200000000000000372e-02,1.400000000000001243e-02
5.340000000000000000e+02,1.653529245596178573e-02,1.944036658142858903e-03,1.580223107590952858e-01,1.200000000000000372e-02,1.499999999999999944e-02
5.350000000000000000e+02,1.654123231383209172e-02,2.099578405114663985e-03,1.575886609042427555e-01,1.200000000000000372e-02,1.400000000000001243e-02
5.360000000000000000e+02,1.654898913221600903e-02,2.267130085332222204e-03,1.557530148472962561e-01,1.200000000000000372e-02,1.400000000000001243e-02
5.370000000000000000e+02,1.715862302758195540e-02,2.051893402445214686e-03,1.530926308122645685e-01,1.200000000000000372e-02,1.499999999999999944e-02
5.380000000000000000e+02,1.643993142269355168e-02,2.200357011092768204e-03,1.578984397413408514e-01,1.200000000000000372e-02,1.400000000000001243e-02
5.390000000000000000e+02,1.635900870849894828e-02,1.800871050849988612e-03,1.556347349164075022e-01,1.200000000000000372e-02,1.400000000000001243e-02
5.400000000000000000e+02,1.575701882154491654e-02,2.137657616878598822e-03,1.560853957266699621e-01,1.100000000000000283e-02,1.400000000000001243e-02
5.410000000000000000e+02,1.535981220037583098e-02,2.118288405115916363e-03,1.577839384242535892e-01,1.100000000000000283e-02,1.300000000000001155e-02
5.420000000000000000e+02,1.570381700289454757e-02,1.611199031730881385e-03,1.565865934980182894e-01,1.100000000000000283e-02,1.300000000000001155e-02
5.430000000000000000e+02,1.589162167738937884e-02,2.294681489980851270e-03,1.560269054927728993e-01,1.200000000000000372e-02,1.400000000000001243e-02
5.440000000000000000e+02,1.667497842911955935e-02,1.236229256008011161e-03,1.528314258277518323e-01,1.200000000000000372e-02,1.400000000000001243e-02
5.450000000000000000e+02,1.649898657707920061e-02,9.024391101759240454e-04,1.564209410651220544e-01,1.100000000000000283e-02,1.300000000000001155e-02
5.460000000000000000e+02,1.687496961330754372e-02,7.103206195818178876e-04,1.572870116118880168e-01,1.100000000000000283e-02,1.400000000000001243e-02
5.470000000000000000e+02,1.689468424628448248e-02,2.204853019633587832e-03,1.542214360555683450e-01,1.200000000000000372e-02,1.400000000000001243e-02
5.480000000000000000e+02,1.646900296060847119e-02,2.043194669929772160e-03,1.573872741474230119e-01,1.200000000000000372e-02,1.400000000000001243e-02
5.490000000000000000e+02,1.656624544408284022e-02,1.054379349812540299e-03,1.590853044833948904e-01,1.100000000000000283e-02,1.300000000000001155e-02
5.500000000000000000e+02,1.671393672366004723e-02,1.333065213840418928e-03,1.608597065682480232e-01,1.100000000000000283e-02,1.400000000000001243e-02
5.510000000000000000e+02,1.692246492709264735e-02,1.850810241294016710e-03,1.557118112699211743e-01,1.100000000000000283e-02,1.400000000000001243e-02
5.520000000000000000e+02,1.634756841792475365e-02,1.634366133519478187e-03,1.632264774575378219e-01,1.000000000000000194e-02,1.400000000000001243e-02
5.530000000000000000e+02,1.648086554022062597e-02,2.417580023823282225e-03,1.614677144148821131e-01,1.100000000000000283e-02,1.400000000000001243e-02
5.540000000000000000e+02,1.709809395246356806e-02,9.567415997396388041e-04,1.593246599245195794e-01,1.100000000000000283e-02,1.400000000000001243e-02
5.550000000000000000e+02,1.718862113382716231e-02,1.265243438346775858e-03,1.592594543254949313e-01,1.100000000000000283e-02,1.400000000000001243e-02
5.560000000000000000e+02,1.660395437847528299e-02,1.940565954286380384e-03,1.641533090454923849e-01,1.100000000000000283e-02,1.400000000000001243e-02
5.570000000000000000e+02,1.711050071674949380e-02,1.875365914665161468e-03,1.641241615074423843e-01,1.100000000000000283e-02,1.400000000000001243e-02
5.580000000000000000e+02,1.754651796295544561e-02,2.567097412658718349e-03,1.594020721296787735e-01,1.200000000000000372e-02,1.400000000000001243e-02
5.590000000000000000e+02,1.665670931065574636e-02,1.984982553309028955e-03,1.684891569406005707e-01,1.100000000000000283e-02,1.400000000000001243e-02
5.600000000000000000e+02,1.623649041092032133e-02,3.037724099388512070e-03,1.697149100356644402e-01,1.100000000000000283e-02,1.400000000000001243e-02
5.610000000000000000e+02,1.780714791805870431e-02,1.629227291983713919e-03,1.644049519845859342e-01,1.100000000000000283e-02,1.499999999999999944e-02
5.620000000000000000e+02,1.696294652884951584e-02,2.462598227242128630e-03,1.672873986996905593e-01,1.200000000000000372e-02,1.499999999999999944e-02
5.630000000000000000e+02,1.714391433623242700e-02,2.105408818378297874e-03,1.716084127096555723e-01,1.100000000000000283e-02,1.499999999999999944e-02
5.640000000000000000e+02,1.712216832870872354e-02,1.783260596242140349e-03,1.729604016801848665e-01,1.100000000000000283e-02,1.499999999999999944e-02
5.650000000000000000e+02,1.668871639475268467e-02,2.403169666023088381e-03,1.723104717300038280e-01,1.100000000000000283e-02,1.400000000000001243e-02
5.660000000000000000e+02,1.658509263276948184e-02,1.923620914039615498e-03,1.747683511277504653e-01,1.100000000000000283e-02,1.300000000000001155e-02
5.670000000000000000e+02,1.691981016488000242e-02,2.115327156774413943e-03,1.758045034638453796e-01,1.100000000000000283e-02,1.300000000000001155e-02
5.680000000000000000e+02,1.686920227925924401e-02,1.303788491595117213e-03,1.801763169726208758e-01,1.100000000000000283e-02,1.400000000000001243e-02
5.690000000000000000e+02,1.780660119801451280e-02,1.319060330995181288e-03,1.805872501683244424e-01,1.100000000000000283e-02,1.400000000000001243e-02
5.700000000000000000e+02,1.746575543707501801e-02,1.266654186784608701e-03,1.810313994341746224e-01,1.100000000000000283e-02,1.300000000000001155e-02
5.710000000000000000e+02,1.684564161690552467e-02,1.420214160245450311e-03,1.846391767501037173e-01,1.100000000000000283e-02,1.300000000000001155e-02
5.720000000000000000e+02,1.706949755848657588e-02,1.741338608029675914e-03,1.861332949140981352e-01,1.100000000000000283e-02,1.300000000000001155e-02
5.730000000000000000e+02,1.734622940176567402e-02,7.307627819043903362e-04,1.887902254636708022e-01,1.000000000000000194e-02,1.400000000000001243e-02
5.740000000000000000e+02,1.745944117161985984e-02,4.076945773905705801e-04,1.903092424899837654e-01,1.000000000000000194e-02,1.400000000000001243e-02
5.750000000000000000e+02,1.757805647611754979e-02,4.093858421749224218e-04,1.910706881151632563e-01,1.000000000000000194e-02,1.400000000000001243e-02
5.760000000000000000e+02,1.757967022832842771e-02,9.622969566515793141e-04,1.917923327273208522e-01,1.100000000000000283e-02,1.400000000000001243e-02
5.770000000000000000e+02,1.744980231528838951e-02,9.193989840734513976e-04,1.951005097452625514e-01,1.000000000000000194e-02,1.400000000000001243e-02
5.780000000000000000e+02,1.719497489104194685e-02,6.780901814491934604e-04,1.988317856583033116e-01,1.000000000000000194e-02,1.300000000000001155e-02
5.790000000000000000e+02,1.761241291324702057e-02,8.682045435886906861e-04,1.957604162781147739e-01,1.100000000000000283e-02,1.300000000000001155e-02
5.800000000000000000e+02,1.765662950402057535e-02,8.087021145949227540e-04,1.979186039328768576e-01,1.100000000000000283e-02,1.400000000000001243e-02
5.810000000000000000e+02,1.793985311772264279e-02,3.915223651187161821e-04,1.996856844835806222e-01,1.000000000000000194e-02,1.400000000000001243e-02
5.820000000000000000e+02,1.866062516633676047e-02,7.388464613566664459e-04,1.995278534041815821e-01,1.000000000000000194e-02,1.400000000000001243e-02
5.830000000000000000e+02,1.835279460062795576e-02,1.492086180409340568e-03,2.001463910690788883e-01,1.100000000000000283e-02,1.400000000000001243e-02
5.840000000000000000e+02,1.724164292007544785e-02,2.574080518472715573e-03,2.074982967547925605e-01,1.100000000000000283e-02,1.400000000000001243e-02
5.850000000000000000e+02,1.801326234038242921e-02,1.233680446916045207e-03,2.038387462010531337e-01,1.100000000000000283e-02,1.400000000000001243e-02
5.860000000000000000e+02,1.737158937471920336e-02,8.573338997849825780e-04,2.078453314152098330e-01,1.000000000000000194e-02,1.400000000000001243e-02
5.870000000000000000e+02,1.762980809460444956e-02,6.272295264142270770e-04,2.037276683563272739e-01,1.000000000000000194e-02,1.400000000000001243e-02
5.880000000000000000e+02,1.848103288760211127e-02,1.352816881663503230e-03,1.979913522658525993e-01,1.100000000000000283e-02,1.400000000000001243e-02
5.890000000000000000e+02,1.798872264691520062e-02,1.958240982247907557e-03,2.048888405732423590e-01,1.100000000000000283e-02,1.499999999999999944e-02
5.900000000000000000e+02,1.825184447768053719e-02,1.188553056059352218e-03,2.054178629975149384e-01,1.000000000000000194e-02,1.499999999999999944e-02
5.910000000000000000e+02,1.846261146280905527e-02,7.122044436441416328e-04,2.026127369186097593e-01,1.000000000000000194e-02,1.400000000000001243e-02
5.920000000000000000e+02,1.800239896657175251e-02,7.207842566801561093e-04,2.039616163603957255e-01,1.000000000000000194e-02,1.400000000000001243e-02
5.930000000000000000e+02,1.835880690076101274e-02,1.479169534486751095e-03,2.019586615656752404e-01,1.000000000000000194e-02,1.400000000000001243e-02
5.940000000000000000e+02,1.764225836897289484e-02,1.615115646474964356e-03,2.001443971572802738e-01,1.000000000000000194e-02,1.300000000000001155e-02
5.950000000000000000e+02,1.782317957769456382e-02,1.546523056250763547e-03,1.994495256593812882e-01,1.000000000000000194e-02,1.400000000000001243e-02
5.960000000000000000e+02,1.789028484057051879e-02,9.480033305209396074e-04,1.968093516978579316e-01,1.000000000000000194e-02,1.400000000000001243e-02
5.970000000000000000e+02,1.818595237394408232e-02,2.332533568145493674e-04,1.983069902854121824e-01,1.000000000000000194e-02,1.400000000000001243e-02
5.980000000000000000e+02,1.808200735148607352e-02,0.000000000000000000e+00,1.986177384221103071e-01,9.000000000000001055e-03,1.499999999999999944e-02
5.990000000000000000e+02,1.793527488899447977e-02,4.390159444026254490e-04,1.943701503851388568e-01,1.000000000000000194e-02,1.400000000000001243e-02
6.000000000000000000e+02,1.828885297206144650e-02,5.242454408130841340e-05,1.934698625976846442e-01,1.000000000000000194e-02,1.400000000000001243e-02
6.010000000000000000e+02,1.728946608715502958e-02,1.430294476413561519e-03,1.934023963003202728e-01,1.000000000000000194e-02,1.400000000000001243e-02
6.020000000000000000e+02,1.681651664149995049e-02,1.539033690959910796e-03,1.931234188701181631e-01,1.000000000000000194e-02,1.300000000000001155e-02
6.030000000000000000e+02,1.696079532475584101e-02,7.993133674532976705e-04,1.951317639956286765e-01,9.000000000000001055e-03,1.300000000000001155e-02
6.040000000000000000e+02,1.679106934403504919e-02,2.200048612515735202e-03,1.918829287708478104e-01,1.000000000000000194e-02,1.300000000000001155e-02
6.050000000000000000e+02,1.646046458118525721e-02,6.863337645550081877e-04,1.893732912059211404e-01,9.000000000000001055e-03,1.300000000000001155e-02
6.060000000000000000e+02,1.671238118757511701e-02,0.000000000000000000e+00,1.900100484784248422e-01,9.000000000000001055e-03,1.300000000000001155e-02
6.070000000000000000e+02,1.677059923228352983e-02,0.000000000000000000e+00,1.884243313963662458e-01,8.000000000000000167e-03,1.300000000000001155e-02
6.080000000000000000e+02,1.654639431225470372e-02,7.016806918613748218e-04,1.852534564098829439e-01,9.000000000000001055e-03,1.300000000000001155e-02
6.090000000000000000e+02,1.597529567974348419e-02,7.737105452736384604e-04,1.896503959574379894e-01,9.000000000000001055e-03,1.200000000000001066e-02
6.100000000000000000e+02,1.639390009934257875e-02,6.767840046456639978e-04,1.861275401193088763e-01,9.000000000000001055e-03,1.200000000000001066e-02
6.110000000000000000e+02,1.656363418636838669e-02,1.819225119192171647e-04,1.852774775324112222e-01,9.000000000000001055e-03,1.300000000000001155e-02
6.120000000000000000e+02,1.654390441767416425e-02,1.752444458594715399e-04,1.834113766002745394e-01,9.000000000000001055e-03,1.200000000000001066e-02
6.130000000000000000e+02,1.606367047643577489e-02,1.181979523133360301e-03,1.834270862846822669e-01,9.000000000000001055e-03,1.300000000000001155e-02
6.140000000000000000e+02,1.583674955148427210e-02,4.582256486451579693e-04,1.860576262271382564e-01,8.000000000000000167e-03,1.200000000000001066e-02
6.150000000000000000e+02,1.587832925618292215e-02,3.273795291697948807e-04,1.859926559314763750e-01,8.000000000000000167e-03,1.200000000000001066e-02
6.160000000000000000e+02,1.624838293261384251e-02,3.583702496259425288e-04,1.830928074299824349e-01,8.000000000000000167e-03,1.200000000000001066e-02
6.170000000000000000e+02,1.520731356522718632e-02,7.018841431242089403e-04,1.872011885547224530e-01,8.000000000000000167e-03,1.100000000000000977e-02
6.180000000000000000e+02,1.531487848894833720e-02,8.557004612398677341e-04,1.863146061432168488e-01,8.000000000000000167e-03,1.200000000000001066e-02
6.190000000000000000e+02,1.496340426846398328e-02,1.509014218997280742e-03,1.870936405633573385e-01,8.000000000000000167e-03,1.100000000000000977e-02
6.200000000000000000e+02,1.571074203476369169e-02,6.257413587441011281e-04,1.865264573320115360e-01,8.000000000000000167e-03,1.200000000000001066e-02
6.210000000000000000e+02,1.527018808583813225e-02,1.081879973172763295e-03,1.872448686094636550e-01,8.000000000000000167e-03,1.200000000000001066e-02
6.220000000000000000e+02,1.521538312579625261e-02,7.648764320395203160e-04,1.867832142246668714e-01,8.000000000000000167e-03,1.200000000000001066e-02
6.230000000000000000e+02,1.506069641698526591e-02,1.225318666726386754e-03,1.849327573352511356e-01,8.000000000000000167e-03,1.100000000000000977e-02
6.240000000000000000e+02,1.481831625334399660e-02,1.921760026653626142e-03,1.852156177177572971e-01,8.000000000000000167e-03,1.100000000000000977e-02
6.250000000000000000e+02,1.444989500380510286e-02,1.286085257273890956e-03,1.870656572595657263e-01,8.000000000000000167e-03,1.100000000000000977e-02
6.260000000000000000e+02,1.425057154232029465e-02,7.929734066160483257e-04,1.892666629416647484e-01,6.999999999999999278e-03,1.100000000000000977e-02
6.270000000000000000e+02,1.406297743897593801e-02,1.934674992848077132e-03,1.916922182903349758e-01,8.000000000000000167e-03,1.100000000000000977e-02
6.280000000000000000e+02,1.426381245244817859e-02,1.775804302106632213e-03,1.874961159635835095e-01,9.000000000000001055e-03,1.000000000000000888e-02
6.290000000000000000e+02,1.491405104325807356e-02,3.240926431628776379e-05,1.888264257286757231e-01,6.999999999999999278e-03,1.100000000000000977e-02
6.300000000000000000e+02,1.444087741517138118e-02,5.486597119726981976e-04,1.893383670164992538e-01,6.999999999999999278e-03,1.100000000000000977e-02
6.310000000000000000e+02,1.441305238187037124e-02,6.342283439257857727e-04,1.896368548633344808e-01,8.000000000000000167e-03,1.100000000000000977e-02
6.320000000000000000e+02,1.395787693146881628e-02,5.205427322668527632e-04,1.934341810525080085e-01,6.999999999999999278e-03,1.000000000000000888e-02
6.330000000000000000e+02,1.367099422464909675e-02,8.926374816289902149e-04,1.892691034457414101e-01,6.999999999999999278e-03,1.100000000000000977e-02
6.340000000000000000e+02,1.412319157756577494e-02,7.069478925130950116e-05,1.913197829866295774e-01,5.999999999999998390e-03,1.100000000000000977e-02
6.350000000000000000e+02,1.403921175769176979e-02,2.655989305693304422e-04,1.886534605667471443e-01,6.999999999999999278e-03,1.100000000000000977e-02
6.360000000000000000e+02,1.396292034811492944e-02,3.600125899108958969e-04,1.891821191704095295e-01,6.999999999999999278e-03,1.100000000000000977e-02
6.370000000000000000e+02,1.335370257477406369e-02,0.000000000000000000e+00,1.898993977836880287e-01,5.999999999999998390e-03,1.200000000000001066e-02
6.380000000000000000e+02,1.381506101852472516e-02,0.000000000000000000e+00,1.863174351951154273e-01,5.999999999999998390e-03,1.000000000000000888e-02
6.390000000000000000e+02,1.315979129120096666e-02,0.000000000000000000e+00,1.857902779680240257e-01,5.999999999999998390e-03,1.000000000000000888e-02
6.400000000000000000e+02,1.381160716253569155e-02,6.362548453572248650e-05,1.789678236469936790e-01,5.999999999999998390e-03,1.100000000000000977e-02
6.410000000000000000e+02,1.380422282339508616e-02,0.000000000000000000e+00,1.791189547942048654e-01,5.999999999999998390e-03,1.000000000000000888e-02
6.420000000000000000e+02,1.349856508049662208e-02,2.491863287136329082e-05,1.743152987448874647e-01,5.999999999999998390e-03,1.000000000000000888e-02
6.430000000000000000e+02,1.273627493393586149e-02,7.166034095359203769e-04,1.764939587979617031e-01,5.999999999999998390e-03,1.000000000000000888e-02
6.440000000000000000e+02,1.256163598363478108e-02,1.589412614046249077e-03,1.691083608650099657e-01,6.999999999999999278e-03,9.000000000000007994e-03
6.450000000000000000e+02,1.209343016986076137e-02,1.297110883863516963e-04,1.699487056614092384e-01,4.999999999999997502e-03,9.000000000000007994e-03
6.460000000000000000e+02,1.141148239921276064e-02,7.600386651502835829e-04,1.646904605706682179e-01,4.999999999999997502e-03,9.000000000000007994e-03
6.470000000000000000e+02,1.166384511637432418e-02,5.442190262045268042e-04,1.630568771455713217e-01,4.999999999999997502e-03,9.000000000000007994e-03
6.480000000000000000e+02,1.176067950152131190e-02,3.132833680325739146e-05,1.600618088092821412e-01,4.999999999999997502e-03,9.000000000000007994e-03
6.490000000000000000e+02,1.123090521697224162e-02,6.305402082527892171e-04,1.568336240152110872e-01,4.999999999999997502e-03,8.000000000000007105e-03
6.500000000000000000e+02,1.059824536970922944e-02,1.657976474189789889e-03,1.518122668512342510e-01,4.999999999999997502e-03,9.000000000000007994e-03
6.510000000000000000e+02,1.022756903701182822e-02,1.969815633144496661e-03,1.415796173670968716e-01,5.999999999999998390e-03,8.000000000000007105e-03
6.520000000000000000e+02,1.038850803391814202e-02,7.791456779936617233e-04,1.393547030558592581e-01,4.999999999999997502e-03,8.000000000000007105e-03
6.530000000000000000e+02,1.033159728965277017e-02,3.775787555923242728e-04,1.374975090376221454e-01,3.999999999999996614e-03,8.000000000000007105e-03
6.540000000000000000e+02,8.990416100699097704e-03,7.608954687593805265e-04,1.368685620612216380e-01,3.999999999999996614e-03,7.000000000000006217e-03
6.550000000000000000e+02,8.966705733701283917e-03,6.864946823316077232e-04,1.315132040854823936e-01,3.999999999999996614e-03,8.000000000000007105e-03
6.560000000000000000e+02,8.997901277044279000e-03,6.637178901404192479e-04,1.225509060373321663e-01,3.999999999999996614e-03,7.000000000000006217e-03
6.570000000000000000e+02,8.128576869420674547e-03,1.792315807634059727e-03,1.167377944581760862e-01,3.999999999999996614e-03,7.000000000000006217e-03
6.580000000000000000e+02,8.206882656701611906e-03,1.308405355187237809e-03,1.113188711600100050e-01,3.999999999999996614e-03,7.000000000000006217e-03
6.590000000000000000e+02,7.537544365278476925e-03,2.269772283431191039e-03,1.051353480503609134e-01,3.999999999999996614e-03,6.000000000000005329e-03
6.600000000000000000e+02,8.023253466326618968e-03,1.178862781739814947e-03,9.966921853441587653e-02,3.999999999999996614e-03,6.000000000000005329e-03
6.610000000000000000e+02,7.266271126791564589e-03,1.384082818735855609e-03,9.947862073817456685e-02,3.999999999999996614e-03,6.000000000000005329e-03
6.620000000000000000e+02,7.178471000014498456e-03,3.634819143316597267e-04,9.787713835558513320e-02,2.999999999999995726e-03,7.000000000000006217e-03
6.630000000000000000e+02,6.608489906815276024e-03,0.000000000000000000e+00,9.005194272815073009e-02,2.999999999999995726e-03,5.000000000000004441e-03
6.640000000000000000e+02,6.583747216419803990e-03,0.000000000000000000e+00,8.038932710804125303e-02,3.999999999999996614e-03,5.000000000000004441e-03
6.650000000000000000e+02,5.962014358330424216e-03,0.000000000000000000e+00,7.892072747915349074e-02,2.999999999999995726e-03,5.000000000000004441e-03
6.660000000000000000e+02,5.980417825844994845e-03,2.170737771626834100e-04,7.545869525769573205e-02,2.999999999999995726e-03,5.000000000000004441e-03
6.670000000000000000e+02,4.893895411491806444e-03,5.799577856970477641e-04,7.331115544156899255e-02,2.999999999999995726e-03,3.000000000000002665e-03
6.680000000000000000e+02,5.070537391441198860e-03,1.174839078257426369e-03,6.788042267659234741e-02,2.999999999999995726e-03,3.000000000000002665e-03
6.690000000000000000e+02,4.876498027031052687e-03,1.253410412595941294e-03,6.202281334113175781e-02,2.999999999999995726e-03,4.000000000000003553e-03
6.700000000000000000e+02,5.270365971206926459e-03,0.000000000000000000e+00,5.571710273167045785e-02,1.999999999999994837e-03,5.000000000000004441e-03
6.710000000000000000e+02,5.359157129370410895e-03,0.000000000000000000e+00,5.501731034246797047e-02,1.999999999999994837e-03,5.000000000000004441e-03
6.720000000000000000e+02,4.847275733558940002e-03,2.846462089531600573e-04,4.981117319967238999e-02,1.999999999999994837e-03,5.000000000000004441e-03
6.730000000000000000e+02,3.367545237141754150e-03,1.092895342354789379e-04,5.042206272391765859e-02,1.999999999999994837e-03,3.000000000000002665e-03
6.740000000000000000e+02,3.555990837703354359e-03,0.000000000000000000e+00,4.801312521814725398e-02,9.999999999999939493e-04,3.000000000000002665e-03
6.750000000000000000e+02,3.025486610972058076e-03,2.823381048054015869e-04,4.532387977394798650e-02,9.999999999999939493e-04,3.000000000000002665e-03
6.760000000000000000e+02,2.803126037752126914e-03,1.713459740711206422e-03,4.594392725313679871e-02,1.999999999999994837e-03,3.000000000000002665e-03
6.770000000000000000e+02,2.049887652178626011e-03,1.637822396158623416e-03,3.923223975924527290e-02,1.999999999999994837e-03,2.000000000000001776e-03
6.780000000000000000e+02,2.693236883802497660e-03,1.841748256741906637e-03,3.385925140782773679e-02,1.999999999999994837e-03,2.000000000000001776e-03
6.790000000000000000e+02,1.875704825831854463e-03,1.960471458280839147e-03,3.537596636194939581e-02,1.999999999999994837e-03,1.000000000000000888e-03
6.800000000000000000e+02,2.083950545741982633e-03,1.172896687412337217e-03,3.114658812320527520e-02,9.999999999999939493e-04,1.000000000000000888e-03
6.810000000000000000e+02,2.787272698771597369e-03,1.507457313786461466e-03,2.936341073281322281e-02,9.999999999999939493e-04,2.000000000000001776e-03
6.820000000000000000e+02,2.533333627385713285e-03,3.443064356324580105e-04,2.961380803250840757e-02,0.000000000000000000e+00,2.000000000000001776e-03
6.830000000000000000e+02,2.450430297000696141e-03,6.499648578193350417e-04,2.922335769457087840e-02,9.999999999999939493e-04,2.000000000000001776e-03
6.840000000000000000e+02,1.746026561715897886e-03,1.410308081224141653e-03,2.882986265105777490e-02,9.999999999999939493e-04,1.000000000000000888e-03
6.850000000000000000e+02,1.881187596969628988e-03,2.090320355964163206e-03,2.215220985603795489e-02,1.999999999999994837e-03,2.000000000000001776e-03
6.860000000000000000e+02,1.847660384594692349e-03,1.344410660967821150e-03,1.923938460299344164e-02,9.999999999999939493e-04,2.000000000000001776e-03
6.870000000000000000e+02,2.008634502599793408e-03,2.187521704172697146e-03,1.706907360768012902e-02,1.999999999999994837e-03,2.000000000000001776e-03
6.880000000000000000e+02,1.357714979280134947e-03,2.280828329690377364e-03,1.994081510689727985e-02,1.999999999999994837e-03,1.000000000000000888e-03
6.890000000000000000e+02,1.060116134508598540e-03,1.154099546210683681e-03,1.660585049544660921e-02,9.999999999999939493e-04,1.000000000000000888e-03
6.900000000000000000e+02,2.320232693651537014e-03,2.600169145844706802e-03,9.826748993761881545e-03,1.999999999999994837e-03,1.000000000000000888e-03
6.910000000000000000e+02,6.451035623560616265e-04,3.114557758566332581e-03,1.614252858802411178e-02,9.999999999999939493e-04,0.000000000000000000e+00
6.920000000000000000e+02,8.310203697747938151e-04,3.049989263853929936e-03,1.535288784491147147e-02,9.999999999999939493e-04,1.000000000000000888e-03
6.930000000000000000e+02,9.425389160783795295e-04,2.950682959878624112e-03,1.247272033142210468e-02,9.999999999999939493e-04,2.000000000000001776e-03
6.940000000000000000e+02,1.600678859706285454e-03,2.018399717095476409e-04,7.855870989090343523e-03,0.000000000000000000e+00,0.000000000000000000e+00
6.950000000000000000e+02,1.832082488749803501e-03,2.689408725138479981e-03,6.483467975992750730e-03,1.999999999999994837e-03,1.000000000000000888e-03
6.960000000000000000e+02,9.047598295294118379e-04,1.347060785058731098e-03,6.158509191361004678e-03,9.999999999999939493e-04,0.000000000000000000e+00
6.970000000000000000e+02,3.718442098159567360e-04,2.332052842770342485e-03,7.466505523442526319e-03,9.999999999999939493e-04,1.000000000000000888e-03
6.980000000000000000e+02,1.620996321042763536e-03,1.190794983888744142e-03,7.846264820376017482e-03,9.999999999999939493e-04,1.000000000000000888e-03
6.990000000000000000e+02,1.310892402586917495e-03,6.304909577109820687e-04,7.541360087472613778e-03,0.000000000000000000e+00,1.000000000000000888e-03
7.000000000000000000e+02,9.664624238035490755e-04,8.950217511605421550e-04,4.891535279667030660e-03,9.999999999999939493e-04,1.000000000000000888e-03
7.010000000000000000e+02,1.294181626802904436e-03,4.497331944278662886e-04,3.200256565116636059e-03,9.999999999999939493e-04,1.000000000000000888e-03
7.020000000000000000e+02,1.427343577327970774e-03,2.049270867792307992e-05,1.437330377560194815e-03,9.999999999999939493e-04,0.000000000000000000e+00
7.030000000000000000e+02,1.592060318168307415e-03,1.941522304926109315e-03,0.000000000000000000e+00,1.999999999999994837e-03,0.000000000000000000e+00
7.040000000000000000e+02,2.011871026465165708e-03,8.979437027136681843e-04,0.000000000000000000e+00,9.999999999999939493e-04,0.000000000000000000e+00
7.050000000000000000e+02,2.615848658819096544e-03,7.952569690317082187e-04,0.000000000000000000e+00,9.999999999999939493e-04,1.000000000000000888e-03
7.060000000000000000e+02,2.743693266410410832e-03,4.004288553564432085e-04,0.000000000000000000e+00,9.999999999999939493e-04,1.000000000000000888e-03
7.070000000000000000e+02,2.234330346475645133e-03,1.023754258909568681e-04,0.000000000000000000e+00,9.999999999999939493e-04,1.000000000000000888e-03
7.080000000000000000e+02,3.140018214863428761e-03,9.246291365980149901e-05,0.000000000000000000e+00,0.000000000000000000e+00,1.000000000000000888e-03
7.090000000000000000e+02,2.966914071796388462e-03,1.069661583701008714e-03,1.349690094308149900e-04,9.999999999999939493e-04,1.000000000000000888e-03
7.100000000000000000e+02,3.318009942847965302e-03,1.503538918582589777e-03,0.000000000000000000e+00,1.999999999999994837e-03,2.000000000000001776e-03
7.110000000000000000e+02,3.431717407588628140e-03,8.062787838606912073e-05,0.000000000000000000e+00,1.999999999999994837e-03,1.000000000000000888e-03
7.120000000000000000e+02,3.916896637126421506e-03,3.151141675248253027e-04,0.000000000000000000e+00,1.999999999999994837e-03,1.000000000000000888e-03
7.130000000000000000e+02,3.691315754670021054e-03,9.451090203607695689e-04,0.000000000000000000e+00,1.999999999999994837e-03,2.000000000000001776e-03
7.140000000000000000e+02,3.946437138213529719e-03,6.769334853052742709e-04,0.000000000000000000e+00,1.999999999999994837e-03,2.000000000000001776e-03
7.150000000000000000e+02,3.882961152055668715e-03,3.511017528561040488e-04,0.000000000000000000e+00,9.999999999999939493e-04,2.000000000000001776e-03
7.160000000000000000e+02,3.632903430618377588e-03,1.235981842178303369e-03,2.844229662043536622e-04,1.999999999999994837e-03,1.000000000000000888e-03
7.170000000000000000e+02,4.747505482429506887e-03,8.517310768043142048e-04,0.000000000000000000e+00,1.999999999999994837e-03,3.000000000000002665e-03
7.180000000000000000e+02,4.032703058018848735e-03,2.557703653349519164e-03,0.000000000000000000e+00,3.999999999999996614e-03,2.000000000000001776e-03
7.190000000000000000e+02,4.198174850074465510e-03,1.556183410431762624e-03,4.804058481509635055e-03,1.999999999999994837e-03,2.000000000000001776e-03
7.200000000000000000e+02,5.625868379645853831e-03,1.251824521644778494e-03,0.000000000000000000e+00,2.999999999999995726e-03,3.000000000000002665e-03
7.210000000000000000e+02,5.030410377798603949e-03,1.828492021522569889e-03,0.000000000000000000e+00,2.999999999999995726e-03,2.000000000000001776e-03
7.220000000000000000e+02,4.840414628391295944e-03,0.000000000000000000e+00,0.000000000000000000e+00,1.999999999999994837e-03,2.000000000000001776e-03
7.230000000000000000e+02,5.104828190111177291e-03,5.406934641075394768e-04,0.000000000000000000e+00,2.999999999999995726e-03,3.000000000000002665e-03
7.240000000000000000e+02,5.467986502593788836e-03,2.013828221631198262e-03,0.000000000000000000e+00,2.999999999999995726e-03,3.000000000000002665e-03
7.250000000000000000e+02,6.051352936919697501e-03,1.386148118430444891e-04,0.000000000000000000e+00,2.999999999999995726e-03,3.000000000000002665e-03
7.260000000000000000e+02,6.468856564484409127e-03,1.915281924345873295e-03,0.000000000000000000e+00,3.999999999999996614e-03,3.000000000000002665e-03
7.270000000000000000e+02,6.554277923577368943e-03,2.353063972498539832e-04,0.000000000000000000e+00,3.999999999999996614e-03,5.000000000000004441e-03
7.280000000000000000e+02,6.888560781527748936e-03,1.299602392160764761e-03,0.000000000000000000e+00,4.999999999999997502e-03,5.000000000000004441e-03
7.290000000000000000e+02,7.697084294409808035e-03,1.428745931780306486e-03,0.000000000000000000e+00,4.999999999999997502e-03,5.000000000000004441e-03
7.300000000000000000e+02,8.022535247853589124e-03,2.479459079511513956e-03,0.000000000000000000e+00,5.999999999999998390e-03,4.000000000000003553e-03
7.310000000000000000e+02,9.460959403600312581e-03,1.082803499925769639e-03,0.000000000000000000e+00,5.999999999999998390e-03,5.000000000000004441e-03
7.320000000000000000e+02,1.002152248384092191e-02,1.561873771837691280e-03,0.000000000000000000e+00,5.999999999999998390e-03,5.000000000000004441e-03
7.330000000000000000e+02,1.042879915935515309e-02,1.241955914597295567e-03,0.000000000000000000e+00,5.999999999999998390e-03,5.000000000000004441e-03
7.340000000000000000e+02,1.114795157705553326e-02,6.256481093985133846e-04,0.000000000000000000e+00,6.999999999999999278e-03,5.000000000000004441e-03
7.350000000000000000e+02,1.156430539361787656e-02,4.609572122340645358e-04,0.000000000000000000e+00,6.999999999999999278e-03,7.000000000000006217e-03
7.360000000000000000e+02,1.157589526111175646e-02,3.514202384635182661e-04,0.000000000000000000e+00,8.000000000000000167e-03,7.000000000000006217e-03
7.370000000000000000e+02,1.264856403746176736e-02,4.371696007556978483e-04,0.000000000000000000e+00,8.000000000000000167e-03,7.000000000000006217e-03
7.380000000000000000e+02,1.305463103223090428e-02,3.835675057651752057e-04,0.000000000000000000e+00,8.000000000000000167e-03,8.000000000000007105e-03
7.390000000000000000e+02,1.315129891513136876e-02,1.656793310018829339e-03,0.000000000000000000e+00,9.000000000000001055e-03,7.000000000000006217e-03
7.400000000000000000e+02,1.275794479996744321e-02,1.162879116656364816e-03,0.000000000000000000e+00,9.000000000000001055e-03,8.000000000000007105e-03
7.410000000000000000e+02,1.408234199407861799e-02,2.446728530609398444e-04,0.000000000000000000e+00,8.000000000000000167e-03,7.000000000000006217e-03
7.420000000000000000e+02,1.349832310557981703e-02,1.156176832100521377e-03,0.000000000000000000e+00,8.000000000000000167e-03,7.000000000000006217e-03
7.430000000000000000e+02,1.375397165899748531e-02,4.774662871164333969e-04,0.000000000000000000e+00,8.000000000000000167e-03,7.000000000000006217e-03
7.440000000000000000e+02,1.342827408792099733e-02,4.727109682893201902e-04,0.000000000000000000e+00,9.000000000000001055e-03,8.000000000000007105e-03
7.450000000000000000e+02,1.324864031261186945e-02,5.256946078696959294e-04,0.000000000000000000e+00,9.000000000000001055e-03,8.000000000000007105e-03
7.460000000000000000e+02,1.301536233804343606e-02,0.000000000000000000e+00,0.000000000000000000e+00,8.000000000000000167e-03,7.000000000000006217e-03
7.470000000000000000e+02,1.357686389356224828e-02,1.341297807070022550e-03,0.000000000000000000e+00,8.000000000000000167e-03,8.000000000000007105e-03
7.480000000000000000e+02,1.299522050945508232e-02,7.444128365632359618e-04,0.000000000000000000e+00,8.000000000000000167e-03,7.000000000000006217e-03
7.490000000000000000e+02,1.389734388283265371e-02,1.383441052363460367e-03,0.000000000000000000e+00,9.000000000000001055e-03,8.000000000000007105e-03
7.500000000000000000e+02,1.476488795625048589e-02,0.000000000000000000e+00,0.000000000000000000e+00,8.000000000000000167e-03,9.000000000000007994e-03
