t_delay,reserv_number,run_number,laser_power_deg
dark,4.0,19.0,0.00
dark,4.0,19.0,0.00
dark,4.0,19.0,0.00
dark,4.0,19.0,0.00
dark,4.0,19.0,0.00
dark,4.0,19.0,0.00
dark,4.0,19.0,0.00
dark,4.0,19.0,0.00
dark,4.0,19.0,0.00
dark,4.0,19.0,0.00
dark,4.0,19.0,0.00
dark,4.0,19.0,0.00
dark,4.0,19.0,0.00
dark,4.0,19.0,0.00
dark,4.0,19.0,0.00
dark,4.0,19.0,0.00
dark,4.0,19.0,0.00
dark,4.0,19.0,0.00
dark,4.0,19.0,0.00
dark,4.0,19.0,0.00
dark,4.0,19.0,0.00
dark,4.0,19.0,0.00
dark,4.0,19.0,0.00
dark,4.0,19.0,0.00
dark,4.0,19.0,0.00
dark,4.0,19.0,0.00
dark,4.0,19.0,0.00
dark,4.0,19.0,0.00
dark,4.0,19.0,0.00
dark,4.0,19.0,0.00
dark,4.0,19.0,0.00
dark,4.0,19.0,0.00
dark,4.0,19.0,0.00
dark,4.0,19.0,0.00
dark,4.0,19.0,0.00
dark,4.0,19.0,0.00
dark,4.0,19.0,0.00
dark,4.0,19.0,0.00
dark,4.0,19.0,0.00
dark,4.0,19.0,0.00
dark,4.0,19.0,0.00
dark,4.0,19.0,0.00
dark,4.0,19.0,0.00
dark,4.0,19.0,0.00
dark,4.0,19.0,0.00
dark,4.0,19.0,0.00
dark,4.0,19.0,0.00
dark,4.0,19.0,0.00
dark,4.0,19.0,0.00
dark,4.0,19.0,0.00
dark,4.0,19.0,0.00
dark,4.0,20.0,0.00
dark,4.0,20.0,0.00
dark,4.0,20.0,0.00
dark,4.0,20.0,0.00
dark,4.0,20.0,0.00
dark,4.0,20.0,0.00
dark,4.0,20.0,0.00
dark,4.0,20.0,0.00
dark,4.0,20.0,0.00
dark,5.0,21.0,0.00
dark,5.0,21.0,0.00
dark,5.0,21.0,0.00
dark,5.0,21.0,0.00
dark,5.0,22.0,0.00
dark,5.0,22.0,0.00
dark,5.0,22.0,0.00
dark,5.0,22.0,0.00
dark,5.0,22.0,0.00
dark,5.0,22.0,0.00
dark,5.0,22.0,0.00
dark,5.0,22.0,0.00
dark,5.0,22.0,0.00
dark,5.0,22.0,0.00
dark,5.0,22.0,0.00
dark,5.0,22.0,0.00
dark,5.0,22.0,0.00
dark,5.0,22.0,0.00
dark,5.0,22.0,0.00
dark,5.0,22.0,0.00
dark,5.0,22.0,0.00
dark,5.0,22.0,0.00
dark,5.0,22.0,0.00
dark,5.0,22.0,0.00
dark,5.0,22.0,0.00
dark,5.0,22.0,0.00
dark,5.0,22.0,0.00
dark,5.0,22.0,0.00
dark,5.0,22.0,0.00
dark,5.0,22.0,0.00
dark,5.0,22.0,0.00
dark,5.0,22.0,0.00
dark,6.0,23.0,0.00
dark,6.0,23.0,0.00
dark,6.0,23.0,0.00
dark,6.0,23.0,0.00
dark,6.0,23.0,0.00
dark,6.0,23.0,0.00
dark,6.0,23.0,0.00
dark,6.0,23.0,0.00
dark,6.0,23.0,0.00
dark,6.0,23.0,0.00
dark,6.0,23.0,0.00
dark,6.0,23.0,0.00
dark,6.0,23.0,0.00
dark,6.0,23.0,0.00
dark,6.0,23.0,0.00
dark,6.0,23.0,0.00
dark,6.0,23.0,0.00
dark,6.0,23.0,0.00
dark,6.0,23.0,0.00
dark,6.0,23.0,0.00
dark,6.0,23.0,0.00
dark,6.0,23.0,0.00
dark,6.0,23.0,0.00
dark,6.0,23.0,0.00
dark,6.0,23.0,0.00
dark,6.0,23.0,0.00
dark,6.0,23.0,0.00
dark,6.0,23.0,0.00
dark,6.0,23.0,0.00
dark,6.0,23.0,0.00
dark,6.0,23.0,0.00
dark,6.0,23.0,0.00
dark,6.0,23.0,0.00
dark,6.0,23.0,0.00
dark,6.0,23.0,0.00
dark,6.0,23.0,0.00
dark,6.0,23.0,0.00
dark,6.0,23.0,0.00
dark,6.0,23.0,0.00
dark,6.0,23.0,0.00
dark,6.0,23.0,0.00
dark,6.0,23.0,0.00
dark,6.0,23.0,0.00
dark,6.0,23.0,0.00
dark,6.0,23.0,0.00
dark,6.0,23.0,0.00
dark,6.0,23.0,0.00
dark,6.0,23.0,0.00
dark,6.0,23.0,0.00
dark,6.0,23.0,0.00
dark,6.0,23.0,0.00
dark,6.0,23.0,0.00
dark,6.0,24.0,0.00
dark,6.0,24.0,0.00
dark,6.0,24.0,0.00
dark,6.0,25.0,0.00
dark,6.0,25.0,0.00
dark,6.0,25.0,0.00
dark,6.0,26.0,0.00
dark,6.0,26.0,0.00
dark,6.0,27.0,0.00
dark,6.0,27.0,0.00
dark,6.0,28.0,0.00
dark,6.0,28.0,0.00
dark,6.0,28.0,0.00
dark,6.0,28.0,0.00
dark,6.0,28.0,0.00
dark,6.0,28.0,0.00
dark,6.0,28.0,0.00
dark,6.0,28.0,0.00
dark,6.0,28.0,0.00
dark,6.0,28.0,0.00
dark,6.0,28.0,0.00
dark,6.0,28.0,0.00
dark,6.0,28.0,0.00
dark,6.0,28.0,0.00
dark,6.0,28.0,0.00
dark,6.0,28.0,0.00
dark,6.0,28.0,0.00
dark,6.0,28.0,0.00
dark,6.0,28.0,0.00
dark,6.0,28.0,0.00
dark,6.0,28.0,0.00
dark,6.0,28.0,0.00
dark,6.0,28.0,0.00
dark,6.0,28.0,0.00
dark,6.0,28.0,0.00
dark,6.0,28.0,0.00
dark,6.0,28.0,0.00
dark,6.0,28.0,0.00
dark,6.0,28.0,0.00
dark,6.0,28.0,0.00
dark,6.0,28.0,0.00
dark,6.0,28.0,0.00
dark,6.0,28.0,0.00
dark,6.0,28.0,0.00
dark,6.0,28.0,0.00
dark,6.0,28.0,0.00
dark,6.0,28.0,0.00
dark,6.0,28.0,0.00
dark,6.0,28.0,0.00
dark,6.0,28.0,0.00
dark,6.0,28.0,0.00
dark,6.0,28.0,0.00
dark,6.0,28.0,0.00
dark,6.0,28.0,0.00
dark,6.0,28.0,0.00
dark,6.0,28.0,0.00
dark,6.0,28.0,0.00
dark,6.0,29.0,0.00
dark,6.0,29.0,0.00
dark,6.0,29.0,0.00
dark,6.0,29.0,0.00
dark,6.0,29.0,0.00
dark,6.0,29.0,0.00
dark,6.0,29.0,0.00
dark,6.0,29.0,0.00
dark,6.0,29.0,0.00
dark,6.0,29.0,0.00
dark,6.0,29.0,0.00
dark,6.0,29.0,0.00
dark,6.0,29.0,0.00
dark,6.0,29.0,0.00
dark,6.0,29.0,0.00
dark,6.0,29.0,0.00
dark,6.0,29.0,0.00
dark,6.0,29.0,0.00
dark,6.0,29.0,0.00
dark,6.0,29.0,0.00
dark,6.0,29.0,0.00
dark,6.0,29.0,0.00
dark,6.0,29.0,0.00
dark,6.0,29.0,0.00
dark,6.0,29.0,0.00
dark,6.0,29.0,0.00
dark,6.0,29.0,0.00
dark,6.0,29.0,0.00
dark,6.0,29.0,0.00
dark,6.0,29.0,0.00
dark,6.0,29.0,0.00
dark,6.0,29.0,0.00
dark,6.0,29.0,0.00
dark,6.0,29.0,0.00
dark,6.0,29.0,0.00
dark,6.0,29.0,0.00
dark,6.0,29.0,0.00
dark,6.0,29.0,0.00
dark,6.0,29.0,0.00
dark,6.0,29.0,0.00
dark,6.0,29.0,0.00
dark,6.0,29.0,0.00
dark,6.0,29.0,0.00
dark,6.0,29.0,0.00
dark,6.0,29.0,0.00
dark,6.0,30.0,0.00
dark,6.0,30.0,0.00
dark,6.0,30.0,0.00
dark,6.0,30.0,0.00
dark,6.0,30.0,0.00
dark,6.0,30.0,0.00
dark,6.0,30.0,0.00
dark,6.0,30.0,0.00
dark,6.0,30.0,0.00
dark,6.0,30.0,0.00
dark,6.0,30.0,0.00
dark,6.0,30.0,0.00
dark,6.0,30.0,0.00
dark,6.0,30.0,0.00
dark,6.0,30.0,0.00
dark,6.0,30.0,0.00
dark,6.0,30.0,0.00
dark,6.0,30.0,0.00
dark,6.0,30.0,0.00
dark,6.0,30.0,0.00
dark,6.0,30.0,0.00
dark,6.0,30.0,0.00
dark,6.0,30.0,0.00
dark,6.0,30.0,0.00
dark,6.0,30.0,0.00
dark,6.0,30.0,0.00
dark,6.0,30.0,0.00
dark,6.0,30.0,0.00
dark,6.0,30.0,0.00
dark,6.0,30.0,0.00
dark,6.0,30.0,0.00
dark,6.0,30.0,0.00
dark,6.0,30.0,0.00
dark,6.0,30.0,0.00
dark,6.0,30.0,0.00
dark,6.0,30.0,0.00
dark,6.0,30.0,0.00
dark,6.0,30.0,0.00
dark,6.0,30.0,0.00
dark,6.0,30.0,0.00
dark,6.0,30.0,0.00
dark,6.0,30.0,0.00
dark,6.0,30.0,0.00
dark,6.0,30.0,0.00
dark,6.0,30.0,0.00
dark,6.0,30.0,0.00
dark,6.0,30.0,0.00
dark,6.0,30.0,0.00
dark,6.0,30.0,0.00
dark,6.0,30.0,0.00
dark,6.0,30.0,0.00
dark,6.0,30.0,0.00
dark,6.0,30.0,0.00
dark,6.0,30.0,0.00
dark,6.0,30.0,0.00
dark,6.0,30.0,0.00
dark,6.0,30.0,0.00
dark,6.0,30.0,0.00
dark,6.0,30.0,0.00
dark,6.0,30.0,0.00
dark,6.0,30.0,0.00
dark,6.0,30.0,0.00
dark,6.0,30.0,0.00
dark,6.0,30.0,0.00
dark,6.0,30.0,0.00
dark,6.0,30.0,0.00
dark,6.0,30.0,0.00
dark,6.0,30.0,0.00
dark,6.0,30.0,0.00
dark,6.0,30.0,0.00
dark,6.0,30.0,0.00
dark,6.0,30.0,0.00
dark,6.0,30.0,0.00
dark,6.0,30.0,0.00
dark,6.0,30.0,0.00
dark,6.0,30.0,0.00
dark,6.0,30.0,0.00
dark,6.0,30.0,0.00
dark,6.0,30.0,0.00
dark,6.0,30.0,0.00
dark,6.0,30.0,0.00
dark,6.0,30.0,0.00
dark,6.0,30.0,0.00
dark,6.0,30.0,0.00
dark,6.0,30.0,0.00
dark,6.0,30.0,0.00
dark,6.0,30.0,0.00
dark,6.0,30.0,0.00
dark,6.0,30.0,0.00
dark,6.0,30.0,0.00
dark,6.0,30.0,0.00
dark,6.0,30.0,0.00
dark,6.0,30.0,0.00
dark,6.0,30.0,0.00
dark,6.0,30.0,0.00
dark,6.0,30.0,0.00
dark,6.0,31.0,0.00
dark,6.0,31.0,0.00
dark,6.0,31.0,0.00
dark,6.0,31.0,0.00
dark,6.0,32.0,0.00
dark,6.0,32.0,0.00
dark,6.0,32.0,0.00
dark,6.0,32.0,0.00
dark,6.0,32.0,0.00
dark,6.0,32.0,0.00
dark,6.0,32.0,0.00
dark,6.0,32.0,0.00
dark,6.0,32.0,0.00
dark,6.0,32.0,0.00
dark,6.0,32.0,0.00
dark,6.0,32.0,0.00
dark,6.0,32.0,0.00
dark,6.0,32.0,0.00
dark,6.0,32.0,0.00
dark,6.0,32.0,0.00
dark,6.0,32.0,0.00
dark,6.0,32.0,0.00
dark,6.0,32.0,0.00
dark,6.0,32.0,0.00
dark,6.0,32.0,0.00
dark,6.0,32.0,0.00
dark,6.0,32.0,0.00
dark,6.0,32.0,0.00
dark,6.0,32.0,0.00
dark,6.0,32.0,0.00
dark,6.0,32.0,0.00
dark,6.0,32.0,0.00
dark,6.0,32.0,0.00
dark,6.0,32.0,0.00
dark,6.0,32.0,0.00
dark,6.0,32.0,0.00
dark,6.0,32.0,0.00
dark,6.0,32.0,0.00
dark,6.0,32.0,0.00
dark,6.0,32.0,0.00
dark,6.0,32.0,0.00
dark,6.0,32.0,0.00
dark,6.0,33.0,0.00
dark,6.0,33.0,0.00
dark,6.0,33.0,0.00
dark,6.0,33.0,0.00
dark,6.0,33.0,0.00
dark,6.0,33.0,0.00
10ns,7.0,34.0,-26.00
10ns,7.0,35.0,-26.00
10ns,7.0,36.0,-26.00
10ns,7.0,36.0,-26.00
10ns,7.0,36.0,-26.00
10ns,7.0,36.0,-26.00
10ns,7.0,36.0,-26.00
10ns,7.0,36.0,-26.00
10ns,7.0,36.0,-26.00
10ns,7.0,36.0,-26.00
10ns,7.0,36.0,-26.00
10ns,7.0,36.0,-26.00
10ns,7.0,36.0,-26.00
10ns,7.0,36.0,-26.00
10ns,7.0,36.0,-26.00
10ns,7.0,36.0,-26.00
10ns,7.0,36.0,-26.00
10ns,7.0,36.0,-26.00
10ns,7.0,36.0,-26.00
10ns,7.0,36.0,-26.00
10ns,7.0,36.0,-26.00
10ns,7.0,36.0,-26.00
10ns,7.0,36.0,-26.00
10ns,7.0,36.0,-26.00
10ns,7.0,36.0,-26.00
10ns,7.0,36.0,-26.00
10ns,7.0,36.0,-26.00
10ns,7.0,36.0,-26.00
10ns,7.0,36.0,-26.00
10ns,7.0,36.0,-26.00
10ns,7.0,36.0,-26.00
10ns,7.0,36.0,-26.00
10ns,7.0,36.0,-26.00
10ns,7.0,36.0,-26.00
10ns,7.0,36.0,-26.00
10ns,7.0,36.0,-26.00
10ns,7.0,36.0,-26.00
10ns,7.0,36.0,-26.00
10ns,7.0,36.0,-26.00
10ns,7.0,36.0,-26.00
10ns,7.0,36.0,-26.00
10ns,7.0,36.0,-26.00
10ns,7.0,36.0,-26.00
10ns,7.0,36.0,-26.00
10ns,7.0,36.0,-26.00
10ns,7.0,36.0,-26.00
10ns,7.0,36.0,-26.00
10ns,7.0,36.0,-26.00
10ns,7.0,36.0,-26.00
10ns,7.0,36.0,-26.00
10ns,7.0,36.0,-26.00
10ns,7.0,36.0,-26.00
10ns,7.0,36.0,-26.00
10ns,7.0,36.0,-26.00
10ns,7.0,36.0,-26.00
10ns,7.0,36.0,-26.00
10ns,7.0,36.0,-26.00
10ns,7.0,36.0,-26.00
10ns,7.0,36.0,-26.00
10ns,7.0,36.0,-26.00
10ns,7.0,36.0,-26.00
10ns,7.0,36.0,-26.00
10ns,7.0,36.0,-26.00
10ns,7.0,36.0,-26.00
10ns,7.0,36.0,-26.00
10ns,7.0,36.0,-26.00
10ns,7.0,36.0,-26.00
10ns,7.0,36.0,-26.00
10ns,7.0,36.0,-26.00
10ns,7.0,36.0,-26.00
10ns,7.0,36.0,-26.00
10ns,7.0,36.0,-26.00
10ns,7.0,36.0,-26.00
10ns,7.0,36.0,-26.00
10ns,7.0,36.0,-26.00
10ns,7.0,36.0,-26.00
10ns,7.0,36.0,-26.00
10ns,7.0,36.0,-26.00
10ns,7.0,36.0,-26.00
10ns,7.0,36.0,-26.00
10ns,7.0,36.0,-26.00
10ns,7.0,36.0,-26.00
10ns,7.0,36.0,-26.00
10ns,7.0,36.0,-26.00
10ns,7.0,36.0,-26.00
10ns,7.0,36.0,-26.00
10ns,7.0,36.0,-26.00
10ns,7.0,36.0,-26.00
10ns,7.0,36.0,-26.00
10ns,7.0,36.0,-26.00
10ns,7.0,36.0,-26.00
10ns,7.0,36.0,-26.00
10ns,7.0,36.0,-26.00
10ns,7.0,36.0,-26.00
10ns,7.0,36.0,-26.00
10ns,7.0,36.0,-26.00
10ns,7.0,36.0,-26.00
10ns,7.0,36.0,-26.00
10ns,7.0,36.0,-26.00
10ns,7.0,36.0,-26.00
10ns,7.0,36.0,-26.00
10ns,7.0,36.0,-26.00
10ns,7.0,36.0,-26.00
10ns,7.0,36.0,-26.00
10ns,7.0,36.0,-26.00
10ns,7.0,36.0,-26.00
10ns,7.0,36.0,-26.00
10ns,7.0,36.0,-26.00
10ns,7.0,36.0,-26.00
10ns,7.0,36.0,-26.00
10ns,7.0,36.0,-26.00
10ns,7.0,36.0,-26.00
10ns,7.0,36.0,-26.00
10ns,7.0,36.0,-26.00
10ns,7.0,36.0,-26.00
10ns,7.0,36.0,-26.00
10ns,7.0,36.0,-26.00
10ns,7.0,36.0,-26.00
10ns,7.0,36.0,-26.00
10ns,7.0,36.0,-26.00
10ns,7.0,36.0,-26.00
10ns,7.0,36.0,-26.00
10ns,7.0,36.0,-26.00
10ns,7.0,36.0,-26.00
10ns,7.0,36.0,-26.00
10ns,7.0,36.0,-26.00
10ns,7.0,36.0,-26.00
10ns,7.0,36.0,-26.00
10ns,7.0,36.0,-26.00
10ns,7.0,36.0,-26.00
10ns,7.0,36.0,-26.00
10ns,7.0,36.0,-26.00
10ns,7.0,36.0,-26.00
10ns,7.0,36.0,-26.00
10ns,7.0,36.0,-26.00
10ns,7.0,36.0,-26.00
10ns,7.0,36.0,-26.00
10ns,7.0,36.0,-26.00
10ns,7.0,36.0,-26.00
10ns,7.0,36.0,-26.00
10ns,7.0,36.0,-26.00
10ns,7.0,36.0,-26.00
10ns,7.0,36.0,-26.00
10ns,7.0,36.0,-26.00
10ns,7.0,37.0,-26.00
10ns,7.0,37.0,-26.00
10ns,7.0,37.0,-26.00
10ns,7.0,37.0,-26.00
10ns,7.0,37.0,-26.00
10ns,7.0,37.0,-26.00
10ns,7.0,37.0,-26.00
10ns,7.0,37.0,-26.00
10ns,7.0,37.0,-26.00
10ns,7.0,37.0,-26.00
10ns,7.0,37.0,-26.00
10ns,7.0,37.0,-26.00
10ns,7.0,37.0,-26.00
10ns,7.0,37.0,-26.00
10ns,7.0,37.0,-26.00
10ns,7.0,37.0,-26.00
10ns,7.0,37.0,-26.00
10ns,7.0,37.0,-26.00
10ns,7.0,37.0,-26.00
10ns,7.0,37.0,-26.00
10ns,7.0,37.0,-26.00
10ns,7.0,37.0,-26.00
10ns,7.0,37.0,-26.00
10ns,7.0,37.0,-26.00
10ns,7.0,37.0,-26.00
10ns,7.0,37.0,-26.00
10ns,7.0,37.0,-26.00
10ns,7.0,37.0,-26.00
10ns,7.0,37.0,-26.00
10ns,7.0,37.0,-26.00
10ns,7.0,37.0,-26.00
10ns,7.0,37.0,-26.00
10ns,7.0,37.0,-26.00
10ns,7.0,37.0,-26.00
10ns,7.0,37.0,-26.00
10ns,7.0,37.0,-26.00
10ns,7.0,37.0,-26.00
10ns,7.0,37.0,-26.00
10ns,7.0,37.0,-26.00
10ns,7.0,37.0,-26.00
10ns,7.0,37.0,-26.00
10ns,7.0,37.0,-26.00
10ns,7.0,37.0,-26.00
10ns,7.0,37.0,-26.00
10ns,7.0,37.0,-26.00
10ns,7.0,37.0,-26.00
10ns,7.0,37.0,-26.00
10ns,7.0,37.0,-26.00
10ns,7.0,37.0,-26.00
10ns,7.0,37.0,-26.00
10ns,7.0,37.0,-26.00
10ns,7.0,37.0,-26.00
10ns,7.0,37.0,-26.00
10ns,7.0,37.0,-26.00
10ns,7.0,37.0,-26.00
10ns,7.0,37.0,-26.00
10ns,7.0,37.0,-26.00
10ns,7.0,37.0,-26.00
10ns,7.0,37.0,-26.00
10ns,7.0,37.0,-26.00
10ns,7.0,37.0,-26.00
10ns,7.0,37.0,-26.00
10ns,7.0,37.0,-26.00
10ns,7.0,37.0,-26.00
10ns,7.0,37.0,-26.00
10ns,7.0,37.0,-26.00
10ns,7.0,37.0,-26.00
10ns,7.0,37.0,-26.00
10ns,7.0,37.0,-26.00
10ns,7.0,37.0,-26.00
10ns,7.0,37.0,-26.00
10ns,7.0,37.0,-26.00
10ns,7.0,37.0,-26.00
10ns,7.0,37.0,-26.00
10ns,7.0,37.0,-26.00
10ns,7.0,37.0,-26.00
10ns,7.0,37.0,-26.00
10ns,7.0,37.0,-26.00
10ns,7.0,37.0,-26.00
10ns,8.0,38.0,-26.00
10ns,8.0,38.0,-26.00
10ns,8.0,38.0,-26.00
10ns,8.0,38.0,-26.00
10ns,8.0,38.0,-26.00
10ns,8.0,38.0,-26.00
10ns,8.0,38.0,-26.00
10ns,8.0,38.0,-26.00
10ns,8.0,38.0,-26.00
10ns,8.0,38.0,-26.00
10ns,8.0,38.0,-26.00
10ns,8.0,38.0,-26.00
10ns,8.0,38.0,-26.00
10ns,8.0,38.0,-26.00
10ns,8.0,38.0,-26.00
10ns,8.0,38.0,-26.00
10ns,8.0,38.0,-26.00
10ns,8.0,38.0,-26.00
10ns,8.0,38.0,-26.00
10ns,8.0,39.0,-26.00
10ns,8.0,39.0,-26.00
10ns,8.0,39.0,-26.00
10ns,8.0,39.0,-26.00
10ns,8.0,39.0,-26.00
10ns,8.0,39.0,-26.00
10ns,8.0,39.0,-26.00
10ns,8.0,39.0,-26.00
10ns,8.0,39.0,-26.00
10ns,8.0,39.0,-26.00
10ns,8.0,39.0,-26.00
10ns,8.0,39.0,-26.00
10ns,8.0,39.0,-26.00
10ns,8.0,39.0,-26.00
10ns,8.0,39.0,-26.00
10ns,8.0,39.0,-26.00
10ns,8.0,39.0,-26.00
10ns,8.0,39.0,-26.00
10ns,8.0,39.0,-26.00
10ns,8.0,39.0,-26.00
10ns,8.0,39.0,-26.00
10ns,8.0,39.0,-26.00
10ns,8.0,39.0,-26.00
10ns,8.0,39.0,-26.00
10ns,8.0,39.0,-26.00
10ns,8.0,39.0,-26.00
10ns,8.0,39.0,-26.00
10ns,8.0,39.0,-26.00
10ns,8.0,39.0,-26.00
10ns,8.0,39.0,-26.00
10ns,8.0,39.0,-26.00
10ns,8.0,39.0,-26.00
10ns,8.0,39.0,-26.00
10ns,8.0,39.0,-26.00
10ns,8.0,39.0,-26.00
10ns,8.0,39.0,-26.00
10ns,8.0,39.0,-26.00
10ns,8.0,39.0,-26.00
10ns,8.0,39.0,-26.00
10ns,8.0,39.0,-26.00
10ns,8.0,39.0,-26.00
10ns,8.0,40.0,-26.00
10ns,8.0,40.0,-26.00
10ns,8.0,40.0,-26.00
10ns,8.0,40.0,-26.00
10ns,8.0,40.0,-26.00
10ns,8.0,40.0,-26.00
10ns,8.0,40.0,-26.00
10ns,8.0,40.0,-26.00
10ns,8.0,40.0,-26.00
10ns,8.0,40.0,-26.00
10ns,8.0,40.0,-26.00
10ns,8.0,40.0,-26.00
10ns,8.0,40.0,-26.00
10ns,8.0,40.0,-26.00
10ns,8.0,40.0,-26.00
10ns,8.0,40.0,-26.00
10ns,8.0,40.0,-26.00
10ns,8.0,40.0,-26.00
10ns,8.0,40.0,-26.00
10ns,8.0,40.0,-26.00
10ns,8.0,40.0,-26.00
10ns,8.0,40.0,-26.00
10ns,8.0,40.0,-26.00
10ns,8.0,40.0,-26.00
10ns,8.0,40.0,-26.00
10ns,8.0,40.0,-26.00
10ns,9.0,41.0,-26.00
10ns,9.0,41.0,-26.00
10ns,9.0,41.0,-26.00
10ns,9.0,41.0,-26.00
10ns,9.0,41.0,-26.00
10ns,9.0,41.0,-26.00
10ns,9.0,41.0,-26.00
10ns,9.0,41.0,-26.00
10ns,9.0,41.0,-26.00
10ns,9.0,41.0,-26.00
10ns,9.0,41.0,-26.00
10ns,9.0,41.0,-26.00
10ns,9.0,41.0,-26.00
10ns,9.0,41.0,-26.00
10ns,9.0,41.0,-26.00
10ns,9.0,41.0,-26.00
10ns,9.0,41.0,-26.00
10ns,9.0,41.0,-26.00
10ns,9.0,41.0,-26.00
10ns,9.0,41.0,-26.00
10ns,9.0,41.0,-26.00
10ns,9.0,41.0,-26.00
10ns,9.0,41.0,-26.00
10ns,9.0,41.0,-26.00
10ns,9.0,41.0,-26.00
10ns,9.0,41.0,-26.00
10ns,9.0,41.0,-26.00
10ns,9.0,41.0,-26.00
10ns,9.0,42.0,-26.00
10ns,10.0,43.0,-26.00
10ns,10.0,43.0,-26.00
10ns,10.0,43.0,-26.00
10ns,10.0,43.0,-26.00
10ns,10.0,43.0,-26.00
10ns,10.0,43.0,-26.00
10ns,10.0,43.0,-26.00
10ns,10.0,43.0,-26.00
10ns,10.0,43.0,-26.00
10ns,10.0,43.0,-26.00
10ns,10.0,43.0,-26.00
10ns,10.0,43.0,-26.00
10ns,10.0,43.0,-26.00
10ns,10.0,43.0,-26.00
10ns,10.0,43.0,-26.00
10ns,10.0,43.0,-26.00
10ns,10.0,43.0,-26.00
10ns,10.0,43.0,-26.00
10ns,10.0,43.0,-26.00
10ns,10.0,43.0,-26.00
10ns,10.0,43.0,-26.00
10ns,10.0,43.0,-26.00
10ns,10.0,43.0,-26.00
10ns,10.0,43.0,-26.00
10ns,10.0,43.0,-26.00
10ns,10.0,44.0,-26.00
10ns,10.0,45.0,-26.00
10ns,11.0,46.0,-26.00
10ns,11.0,46.0,-26.00
10ns,11.0,46.0,-26.00
10ns,11.0,46.0,-26.00
10ns,11.0,46.0,-26.00
10ns,11.0,46.0,-26.00
10ns,11.0,46.0,-26.00
10ns,11.0,46.0,-26.00
10ns,11.0,46.0,-26.00
10ns,11.0,46.0,-26.00
10ns,11.0,46.0,-26.00
10ns,11.0,46.0,-26.00
10ns,11.0,46.0,-26.00
10ns,11.0,46.0,-26.00
10ns,11.0,46.0,-26.00
10ns,11.0,46.0,-26.00
10ns,11.0,46.0,-26.00
10ns,11.0,46.0,-26.00
10ns,11.0,46.0,-26.00
10ns,11.0,46.0,-26.00
10ns,11.0,46.0,-26.00
10ns,11.0,46.0,-26.00
10ns,11.0,46.0,-26.00
10ns,11.0,46.0,-26.00
10ns,11.0,46.0,-26.00
10ns,11.0,46.0,-26.00
10ns,11.0,46.0,-26.00
10ns,11.0,46.0,-26.00
10ns,11.0,46.0,-26.00
10ns,11.0,46.0,-26.00
10ns,11.0,46.0,-26.00
10ns,11.0,46.0,-26.00
10ns,11.0,46.0,-26.00
10ns,11.0,46.0,-26.00
10ns,11.0,46.0,-26.00
10ns,11.0,46.0,-26.00
10ns,11.0,46.0,-26.00
10ns,11.0,46.0,-26.00
10ns,11.0,46.0,-26.00
10ns,11.0,46.0,-26.00
10ns,11.0,46.0,-26.00
10ns,11.0,46.0,-26.00
10ns,11.0,46.0,-26.00
10ns,11.0,46.0,-26.00
10ns,11.0,46.0,-26.00
10ns,11.0,46.0,-26.00
10ns,11.0,46.0,-26.00
10ns,11.0,46.0,-26.00
10ns,11.0,46.0,-26.00
10ns,11.0,46.0,-26.00
10ns,11.0,46.0,-26.00
10ns,11.0,46.0,-26.00
10ns,11.0,46.0,-26.00
10ns,11.0,46.0,-26.00
10ns,11.0,46.0,-26.00
10ns,11.0,46.0,-26.00
10ns,11.0,46.0,-26.00
10ns,11.0,46.0,-26.00
10ns,11.0,47.0,-26.00
10ns,11.0,47.0,-26.00
10ns,11.0,47.0,-26.00
10ns,11.0,47.0,-26.00
10ns,11.0,47.0,-26.00
10ns,11.0,47.0,-26.00
10ns,11.0,47.0,-26.00
10ns,11.0,47.0,-26.00
10ns,11.0,47.0,-26.00
10ns,11.0,47.0,-26.00
10ns,11.0,47.0,-26.00
10ns,11.0,47.0,-26.00
10ns,11.0,47.0,-26.00
10ns,11.0,47.0,-26.00
10ns,11.0,47.0,-26.00
10ns,11.0,47.0,-26.00
10ns,11.0,47.0,-26.00
10ns,11.0,47.0,-26.00
10ns,11.0,47.0,-26.00
10ns,11.0,47.0,-26.00
10ns,11.0,47.0,-26.00
10ns,11.0,47.0,-26.00
10ns,11.0,47.0,-26.00
10ns,11.0,47.0,-26.00
10ns,11.0,47.0,-26.00
10ns,11.0,47.0,-26.00
10ns,11.0,47.0,-26.00
10ns,11.0,47.0,-26.00
10ns,11.0,47.0,-26.00
10ns,11.0,47.0,-26.00
10ns,11.0,47.0,-26.00
10ns,11.0,47.0,-26.00
10ns,11.0,47.0,-26.00
10ns,11.0,47.0,-26.00
10ns,11.0,47.0,-26.00
10ns,11.0,47.0,-26.00
10ns,11.0,47.0,-26.00
10ns,11.0,47.0,-26.00
10ns,11.0,47.0,-26.00
10ns,11.0,47.0,-26.00
10ns,11.0,47.0,-26.00
10ns,11.0,47.0,-26.00
10ns,11.0,47.0,-26.00
10ns,11.0,47.0,-26.00
10ns,11.0,47.0,-26.00
10ns,11.0,47.0,-26.00
10ns,11.0,47.0,-26.00
10ns,11.0,47.0,-26.00
10ns,11.0,47.0,-26.00
10ns,11.0,47.0,-26.00
10ns,11.0,47.0,-26.00
10ns,11.0,47.0,-26.00
10ns,11.0,47.0,-26.00
10ns,11.0,47.0,-26.00
10ns,11.0,47.0,-26.00
10ns,11.0,47.0,-26.00
10ns,11.0,47.0,-26.00
10ns,11.0,47.0,-26.00
10ns,11.0,47.0,-26.00
10ns,11.0,47.0,-26.00
10ns,11.0,47.0,-26.00
10ns,11.0,47.0,-26.00
10ns,11.0,47.0,-26.00
10ns,11.0,47.0,-26.00
10ns,11.0,47.0,-26.00
10ns,11.0,47.0,-26.00
10ns,11.0,47.0,-26.00
10ns,11.0,47.0,-26.00
10ns,11.0,47.0,-26.00
10ns,11.0,47.0,-26.00
10ns,11.0,47.0,-26.00
10ns,11.0,47.0,-26.00
10ns,11.0,47.0,-26.00
10ns,11.0,47.0,-26.00
10ns,11.0,47.0,-26.00
10ns,11.0,47.0,-26.00
10ns,11.0,47.0,-26.00
10ns,11.0,47.0,-26.00
10ns,11.0,47.0,-26.00
10ns,11.0,47.0,-26.00
10ns,11.0,47.0,-26.00
10ns,11.0,47.0,-26.00
10ns,11.0,47.0,-26.00
10ns,11.0,47.0,-26.00
10ns,11.0,47.0,-26.00
10ns,11.0,47.0,-26.00
10ns,11.0,47.0,-26.00
10ns,11.0,47.0,-26.00
10ns,11.0,47.0,-26.00
10ns,11.0,47.0,-26.00
10ns,11.0,47.0,-26.00
10ns,11.0,47.0,-26.00
10ns,11.0,47.0,-26.00
10ns,11.0,47.0,-26.00
10ns,11.0,47.0,-26.00
10ns,11.0,47.0,-26.00
10ns,11.0,47.0,-26.00
10ns,11.0,47.0,-26.00
10ns,11.0,47.0,-26.00
10ns,11.0,47.0,-26.00
10ns,11.0,47.0,-26.00
10ns,11.0,47.0,-26.00
10ns,11.0,47.0,-26.00
10ns,11.0,47.0,-26.00
10ns,11.0,47.0,-26.00
10ns,11.0,47.0,-26.00
10ns,11.0,47.0,-26.00
10ns,11.0,47.0,-26.00
10ns,11.0,47.0,-26.00
10ns,11.0,47.0,-26.00
10ns,11.0,47.0,-26.00
10ns,11.0,47.0,-26.00
10ns,11.0,47.0,-26.00
10ns,11.0,47.0,-26.00
10ns,11.0,47.0,-26.00
10ns,11.0,47.0,-26.00
10ns,11.0,47.0,-26.00
10ns,11.0,47.0,-26.00
10ns,11.0,47.0,-26.00
10ns,11.0,47.0,-26.00
10ns,11.0,47.0,-26.00
10ns,11.0,47.0,-26.00
10ns,11.0,47.0,-26.00
10ns,11.0,47.0,-26.00
10ns,11.0,47.0,-26.00
10ns,11.0,47.0,-26.00
10ns,11.0,47.0,-26.00
10ns,11.0,47.0,-26.00
10ns,11.0,47.0,-26.00
10ns,11.0,47.0,-26.00
10ns,11.0,47.0,-26.00
10ns,11.0,47.0,-26.00
10ns,11.0,48.0,-26.00
10ns,11.0,48.0,-26.00
10ns,11.0,48.0,-26.00
10ns,11.0,48.0,-26.00
10ns,11.0,48.0,-26.00
10ns,11.0,48.0,-26.00
10ns,11.0,48.0,-26.00
10ns,11.0,48.0,-26.00
10ns,11.0,48.0,-26.00
10ns,11.0,48.0,-26.00
10ns,11.0,48.0,-26.00
10ns,11.0,48.0,-26.00
10ns,11.0,48.0,-26.00
10ns,11.0,48.0,-26.00
10ns,11.0,48.0,-26.00
10ns,11.0,48.0,-26.00
10ns,11.0,48.0,-26.00
10ns,11.0,48.0,-26.00
10ns,11.0,48.0,-26.00
10ns,11.0,48.0,-26.00
10ns,11.0,48.0,-26.00
10ns,11.0,48.0,-26.00
10ns,11.0,48.0,-26.00
10ns,11.0,48.0,-26.00
10ns,11.0,48.0,-26.00
10ns,11.0,48.0,-26.00
10ns,11.0,48.0,-26.00
10ns,11.0,48.0,-26.00
10ns,11.0,48.0,-26.00
10ns,11.0,48.0,-26.00
10ns,11.0,48.0,-26.00
10ns,11.0,48.0,-26.00
10ns,11.0,48.0,-26.00
10ns,11.0,48.0,-26.00
10ns,11.0,48.0,-26.00
10ns,11.0,48.0,-26.00
10ns,11.0,48.0,-26.00
10ns,11.0,48.0,-26.00
10ns,11.0,48.0,-26.00
10ns,11.0,48.0,-26.00
10ns,11.0,48.0,-26.00
10ns,11.0,48.0,-26.00
10ns,11.0,48.0,-26.00
10ns,11.0,48.0,-26.00
10ns,11.0,48.0,-26.00
10ns,12.0,49.0,-12.00
10ns,12.0,49.0,-12.00
10ns,12.0,49.0,-12.00
10ns,12.0,49.0,-12.00
10ns,12.0,49.0,-12.00
10ns,12.0,49.0,-12.00
10ns,12.0,49.0,-12.00
10ns,12.0,49.0,-12.00
10ns,12.0,49.0,-12.00
10ns,12.0,49.0,-12.00
10ns,12.0,49.0,-12.00
10ns,12.0,49.0,-12.00
10ns,12.0,49.0,-12.00
10ns,12.0,49.0,-12.00
10ns,12.0,49.0,-12.00
10ns,12.0,49.0,-12.00
10ns,12.0,49.0,-12.00
10ns,12.0,49.0,-12.00
10ns,12.0,49.0,-12.00
10ns,12.0,49.0,-12.00
10ns,12.0,49.0,-12.00
10ns,12.0,49.0,-12.00
10ns,12.0,49.0,-12.00
10ns,12.0,49.0,-12.00
10ns,12.0,49.0,-12.00
10ns,12.0,49.0,-12.00
10ns,12.0,49.0,-12.00
10ns,12.0,49.0,-12.00
10ns,12.0,49.0,-12.00
10ns,12.0,49.0,-12.00
10ns,12.0,49.0,-12.00
10ns,12.0,49.0,-12.00
10ns,12.0,49.0,-12.00
10ns,12.0,49.0,-12.00
10ns,12.0,49.0,-12.00
10ns,12.0,49.0,-12.00
10ns,12.0,49.0,-12.00
10ns,12.0,49.0,-12.00
10ns,12.0,49.0,-12.00
10ns,12.0,49.0,-12.00
10ns,12.0,49.0,-12.00
10ns,12.0,49.0,-12.00
10ns,12.0,49.0,-12.00
10ns,12.0,49.0,-12.00
10ns,12.0,49.0,-12.00
10ns,12.0,49.0,-12.00
10ns,12.0,49.0,-12.00
10ns,12.0,49.0,-12.00
10ns,12.0,49.0,-12.00
10ns,12.0,49.0,-12.00
10ns,12.0,49.0,-12.00
10ns,12.0,49.0,-12.00
10ns,12.0,49.0,-12.00
10ns,12.0,49.0,-12.00
10ns,12.0,49.0,-12.00
10ns,12.0,49.0,-12.00
10ns,12.0,49.0,-12.00
10ns,12.0,49.0,-12.00
10ns,12.0,49.0,-12.00
10ns,12.0,49.0,-12.00
10ns,12.0,49.0,-12.00
10ns,12.0,49.0,-12.00
10ns,12.0,49.0,-12.00
10ns,12.0,49.0,-12.00
10ns,12.0,49.0,-12.00
10ns,12.0,49.0,-12.00
10ns,12.0,49.0,-12.00
10ns,12.0,49.0,-12.00
10ns,12.0,49.0,-12.00
10ns,12.0,49.0,-12.00
10ns,12.0,49.0,-12.00
10ns,12.0,49.0,-12.00
10ns,12.0,49.0,-12.00
10ns,12.0,49.0,-12.00
10ns,12.0,49.0,-12.00
10ns,12.0,49.0,-12.00
10ns,12.0,49.0,-12.00
10ns,12.0,49.0,-12.00
10ns,12.0,49.0,-12.00
10ns,12.0,49.0,-12.00
10ns,12.0,49.0,-12.00
10ns,12.0,49.0,-12.00
10ns,12.0,49.0,-12.00
10ns,12.0,49.0,-12.00
10ns,12.0,49.0,-12.00
10ns,12.0,49.0,-12.00
10ns,12.0,49.0,-12.00
10ns,12.0,49.0,-12.00
10ns,12.0,49.0,-12.00
10ns,12.0,49.0,-12.00
10ns,12.0,49.0,-12.00
10ns,12.0,49.0,-12.00
10ns,12.0,49.0,-12.00
10ns,12.0,49.0,-12.00
10ns,12.0,49.0,-12.00
10ns,12.0,49.0,-12.00
10ns,12.0,49.0,-12.00
10ns,12.0,49.0,-12.00
10ns,12.0,49.0,-12.00
10ns,12.0,49.0,-12.00
10ns,12.0,49.0,-12.00
10ns,12.0,49.0,-12.00
10ns,12.0,49.0,-12.00
10ns,12.0,49.0,-12.00
10ns,12.0,49.0,-12.00
10ns,12.0,49.0,-12.00
10ns,12.0,49.0,-12.00
10ns,12.0,49.0,-12.00
10ns,12.0,49.0,-12.00
10ns,12.0,49.0,-12.00
10ns,12.0,49.0,-12.00
10ns,12.0,49.0,-12.00
10ns,12.0,49.0,-12.00
10ns,12.0,49.0,-12.00
10ns,12.0,49.0,-12.00
10ns,12.0,49.0,-12.00
10ns,12.0,49.0,-12.00
10ns,12.0,49.0,-12.00
10ns,12.0,49.0,-12.00
10ns,12.0,49.0,-12.00
10ns,12.0,49.0,-12.00
10ns,12.0,49.0,-12.00
10ns,12.0,49.0,-12.00
10ns,12.0,49.0,-12.00
10ns,12.0,49.0,-12.00
10ns,12.0,49.0,-12.00
10ns,12.0,49.0,-12.00
10ns,12.0,49.0,-12.00
10ns,12.0,49.0,-12.00
10ns,12.0,49.0,-12.00
10ns,12.0,49.0,-12.00
10ns,12.0,49.0,-12.00
10ns,12.0,49.0,-12.00
10ns,12.0,49.0,-12.00
10ns,12.0,49.0,-12.00
10ns,12.0,49.0,-12.00
10ns,12.0,49.0,-12.00
10ns,12.0,49.0,-12.00
10ns,12.0,49.0,-12.00
10ns,12.0,49.0,-12.00
10ns,12.0,49.0,-12.00
10ns,12.0,49.0,-12.00
10ns,12.0,49.0,-12.00
10ns,12.0,49.0,-12.00
10ns,12.0,49.0,-12.00
10ns,12.0,49.0,-12.00
10ns,12.0,49.0,-12.00
10ns,12.0,49.0,-12.00
10ns,12.0,49.0,-12.00
10ns,12.0,49.0,-12.00
10ns,12.0,49.0,-12.00
10ns,12.0,49.0,-12.00
10ns,12.0,49.0,-12.00
10ns,12.0,49.0,-12.00
10ns,12.0,49.0,-12.00
10ns,12.0,49.0,-12.00
10ns,12.0,49.0,-12.00
10ns,12.0,49.0,-12.00
10ns,12.0,49.0,-12.00
10ns,12.0,49.0,-12.00
10ns,12.0,49.0,-12.00
10ns,12.0,49.0,-12.00
10ns,12.0,49.0,-12.00
10ns,12.0,49.0,-12.00
10ns,12.0,49.0,-12.00
10ns,12.0,49.0,-12.00
10ns,12.0,49.0,-12.00
10ns,12.0,49.0,-12.00
10ns,12.0,49.0,-12.00
10ns,12.0,49.0,-12.00
10ns,12.0,49.0,-12.00
10ns,12.0,49.0,-12.00
10ns,12.0,49.0,-12.00
10ns,12.0,49.0,-12.00
10ns,12.0,49.0,-12.00
10ns,12.0,49.0,-12.00
10ns,12.0,49.0,-12.00
10ns,12.0,49.0,-12.00
10ns,12.0,49.0,-12.00
10ns,12.0,49.0,-12.00
10ns,12.0,49.0,-12.00
10ns,12.0,49.0,-12.00
10ns,12.0,49.0,-12.00
10ns,12.0,49.0,-12.00
10ns,12.0,49.0,-12.00
10ns,12.0,49.0,-12.00
10ns,12.0,49.0,-12.00
10ns,12.0,49.0,-12.00
10ns,12.0,49.0,-12.00
10ns,12.0,49.0,-12.00
10ns,12.0,49.0,-12.00
10ns,12.0,49.0,-12.00
10ns,12.0,49.0,-12.00
10ns,12.0,49.0,-12.00
10ns,12.0,49.0,-12.00
10ns,12.0,49.0,-12.00
10ns,12.0,49.0,-12.00
10ns,12.0,49.0,-12.00
10ns,12.0,49.0,-12.00
10ns,12.0,49.0,-12.00
10ns,12.0,49.0,-12.00
10ns,12.0,49.0,-12.00
10ns,12.0,49.0,-12.00
10ns,12.0,49.0,-12.00
10ns,12.0,49.0,-12.00
10ns,12.0,49.0,-12.00
10ns,12.0,49.0,-12.00
10ns,12.0,49.0,-12.00
10ns,12.0,49.0,-12.00
10ns,12.0,49.0,-12.00
10ns,12.0,49.0,-12.00
10ns,12.0,49.0,-12.00
10ns,12.0,49.0,-12.00
10ns,12.0,49.0,-12.00
10ns,12.0,49.0,-12.00
10ns,12.0,49.0,-12.00
10ns,12.0,49.0,-12.00
10ns,12.0,49.0,-12.00
10ns,12.0,49.0,-12.00
10ns,12.0,49.0,-12.00
10ns,12.0,49.0,-12.00
10ns,12.0,49.0,-12.00
10ns,12.0,49.0,-12.00
10ns,12.0,49.0,-12.00
10ns,12.0,49.0,-12.00
10ns,12.0,49.0,-12.00
10ns,12.0,49.0,-12.00
10ns,12.0,49.0,-12.00
10ns,12.0,49.0,-12.00
10ns,12.0,49.0,-12.00
10ns,12.0,49.0,-12.00
10ns,12.0,49.0,-12.00
10ns,12.0,49.0,-12.00
10ns,12.0,49.0,-12.00
10ns,12.0,49.0,-12.00
10ns,12.0,49.0,-12.00
10ns,12.0,49.0,-12.00
10ns,12.0,49.0,-12.00
10ns,12.0,49.0,-12.00
10ns,12.0,49.0,-12.00
10ns,12.0,49.0,-12.00
10ns,12.0,49.0,-12.00
10ns,12.0,49.0,-12.00
10ns,12.0,49.0,-12.00
10ns,12.0,49.0,-12.00
10ns,12.0,49.0,-12.00
10ns,12.0,49.0,-12.00
10ns,12.0,49.0,-12.00
10ns,12.0,49.0,-12.00
10ns,12.0,49.0,-12.00
10ns,12.0,49.0,-12.00
10ns,12.0,49.0,-12.00
10ns,12.0,49.0,-12.00
10ns,12.0,49.0,-12.00
10ns,12.0,49.0,-12.00
10ns,12.0,49.0,-12.00
10ns,12.0,50.0,-12.00
10ns,12.0,50.0,-12.00
10ns,12.0,50.0,-12.00
10ns,12.0,50.0,-12.00
10ns,12.0,50.0,-12.00
10ns,12.0,50.0,-12.00
10ns,12.0,50.0,-12.00
10ns,12.0,50.0,-12.00
10ns,12.0,50.0,-12.00
10ns,13.0,51.0,-12.00
10ns,13.0,51.0,-12.00
10ns,13.0,51.0,-12.00
10ns,13.0,51.0,-12.00
10ns,13.0,51.0,-12.00
10ns,13.0,51.0,-12.00
10ns,13.0,52.0,-12.00
10ns,13.0,52.0,-12.00
10ns,13.0,52.0,-12.00
10ns,13.0,52.0,-12.00
10ns,13.0,52.0,-12.00
10ns,13.0,52.0,-12.00
10ns,13.0,52.0,-12.00
10ns,13.0,52.0,-12.00
10ns,13.0,52.0,-12.00
10ns,13.0,52.0,-12.00
10ns,13.0,52.0,-12.00
10ns,13.0,52.0,-12.00
10ns,13.0,53.0,-12.00
10ns,13.0,53.0,-12.00
10ns,13.0,53.0,-12.00
10ns,13.0,53.0,-12.00
10ns,13.0,53.0,-12.00
10ns,13.0,53.0,-12.00
10ns,13.0,53.0,-12.00
10ns,13.0,53.0,-12.00
10ns,13.0,53.0,-12.00
10ns,13.0,53.0,-12.00
10ns,13.0,53.0,-12.00
10ns,13.0,53.0,-12.00
10ns,13.0,53.0,-12.00
10ns,13.0,53.0,-12.00
10ns,13.0,53.0,-12.00
10ns,13.0,53.0,-12.00
10ns,13.0,53.0,-12.00
10ns,13.0,53.0,-12.00
10ns,13.0,53.0,-12.00
10ns,13.0,53.0,-12.00
10ns,13.0,54.0,-12.00
10ns,13.0,54.0,-12.00
10ns,13.0,54.0,-12.00
10ns,13.0,54.0,-12.00
10ns,13.0,54.0,-12.00
10ns,13.0,54.0,-12.00
10ns,13.0,54.0,-12.00
10ns,13.0,54.0,-12.00
10ns,13.0,54.0,-12.00
10ns,13.0,54.0,-12.00
10ns,13.0,54.0,-12.00
10ns,13.0,54.0,-12.00
10ns,13.0,54.0,-12.00
10ns,13.0,54.0,-12.00
10ns,13.0,54.0,-12.00
10ns,14.0,55.0,-12.00
10ns,14.0,55.0,-12.00
10ns,14.0,55.0,-12.00
10ns,14.0,55.0,-12.00
10ns,14.0,55.0,-12.00
10ns,14.0,55.0,-12.00
10ns,14.0,55.0,-12.00
10ns,14.0,55.0,-12.00
10ns,14.0,55.0,-12.00
10ns,14.0,55.0,-12.00
10ns,14.0,55.0,-12.00
10ns,14.0,55.0,-12.00
10ns,14.0,55.0,-12.00
10ns,14.0,55.0,-12.00
10ns,14.0,55.0,-12.00
10ns,14.0,55.0,-12.00
10ns,14.0,55.0,-12.00
10ns,14.0,55.0,-12.00
10ns,14.0,55.0,-12.00
10ns,14.0,55.0,-12.00
10ns,14.0,55.0,-12.00
10ns,14.0,55.0,-12.00
10ns,14.0,55.0,-12.00
10ns,14.0,55.0,-12.00
10ns,14.0,55.0,-12.00
10ns,14.0,55.0,-12.00
10ns,14.0,55.0,-12.00
10ns,14.0,55.0,-12.00
10ns,14.0,55.0,-12.00
10ns,14.0,55.0,-12.00
10ns,14.0,55.0,-12.00
10ns,14.0,55.0,-12.00
10ns,14.0,56.0,-12.00
10ns,14.0,56.0,-12.00
10ns,14.0,56.0,-12.00
10ns,14.0,56.0,-12.00
10ns,14.0,56.0,-12.00
10ns,14.0,56.0,-12.00
10ns,14.0,56.0,-12.00
10ns,14.0,56.0,-12.00
10ns,14.0,56.0,-12.00
10ns,15.0,57.0,-12.00
10ns,15.0,57.0,-12.00
10ns,15.0,57.0,-12.00
10ns,15.0,57.0,-12.00
10ns,15.0,57.0,-12.00
10ns,15.0,57.0,-12.00
10ns,15.0,57.0,-12.00
10ns,15.0,57.0,-12.00
10ns,15.0,57.0,-12.00
10ns,15.0,57.0,-12.00
10ns,15.0,58.0,-12.00
10ns,15.0,58.0,-12.00
10ns,15.0,58.0,-12.00
10ns,15.0,58.0,-12.00
10ns,15.0,58.0,-12.00
10ns,15.0,58.0,-12.00
10ns,15.0,58.0,-12.00
10ns,15.0,58.0,-12.00
10ns,15.0,58.0,-12.00
10ns,15.0,58.0,-12.00
10ns,15.0,58.0,-12.00
10ns,15.0,58.0,-12.00
10ns,15.0,58.0,-12.00
10ns,15.0,58.0,-12.00
10ns,15.0,58.0,-12.00
10ns,15.0,58.0,-12.00
10ns,15.0,58.0,-12.00
10ns,15.0,58.0,-12.00
10ns,15.0,58.0,-12.00
10ns,15.0,58.0,-12.00
10ns,15.0,58.0,-12.00
10ns,15.0,58.0,-12.00
10ns,15.0,58.0,-12.00
10ns,15.0,58.0,-12.00
10ns,15.0,58.0,-12.00
10ns,15.0,58.0,-12.00
10ns,15.0,58.0,-12.00
10ns,15.0,58.0,-12.00
10ns,15.0,58.0,-12.00
10ns,15.0,58.0,-12.00
10ns,15.0,58.0,-12.00
10ns,15.0,58.0,-12.00
1ns,15.0,59.0,-26.00
1ns,15.0,59.0,-26.00
1ns,16.0,60.0,-26.00
1ns,16.0,60.0,-26.00
1ns,16.0,60.0,-26.00
1ns,16.0,60.0,-26.00
1ns,16.0,60.0,-26.00
1ns,16.0,60.0,-26.00
1ns,16.0,60.0,-26.00
1ns,16.0,60.0,-26.00
1ns,16.0,60.0,-26.00
1ns,16.0,60.0,-26.00
1ns,16.0,60.0,-26.00
1ns,16.0,60.0,-26.00
1ns,16.0,60.0,-26.00
1ns,16.0,60.0,-26.00
1ns,16.0,60.0,-26.00
1ns,16.0,60.0,-26.00
1ns,16.0,60.0,-26.00
1ns,16.0,60.0,-26.00
1ns,16.0,60.0,-26.00
1ns,16.0,60.0,-26.00
1ns,16.0,60.0,-26.00
1ns,16.0,60.0,-26.00
1ns,16.0,60.0,-26.00
1ns,16.0,60.0,-26.00
1ns,16.0,60.0,-26.00
1ns,16.0,60.0,-26.00
1ns,16.0,60.0,-26.00
1ns,16.0,60.0,-26.00
1ns,16.0,60.0,-26.00
1ns,16.0,60.0,-26.00
1ns,16.0,60.0,-26.00
1ns,16.0,60.0,-26.00
1ns,16.0,60.0,-26.00
1ns,16.0,60.0,-26.00
1ns,16.0,60.0,-26.00
1ns,16.0,60.0,-26.00
1ns,16.0,61.0,-26.00
1ns,16.0,61.0,-26.00
1ns,16.0,62.0,-26.00
1ns,16.0,62.0,-26.00
1ns,16.0,62.0,-26.00
1ns,16.0,62.0,-26.00
1ns,16.0,63.0,-26.00
1ns,16.0,63.0,-26.00
1ns,16.0,63.0,-26.00
1ns,16.0,63.0,-26.00
1ns,16.0,63.0,-26.00
1ns,16.0,63.0,-26.00
1ns,16.0,63.0,-26.00
1ns,16.0,63.0,-26.00
1ns,16.0,63.0,-26.00
1ns,16.0,63.0,-26.00
1ns,16.0,63.0,-26.00
1ns,16.0,63.0,-26.00
1ns,16.0,63.0,-26.00
1ns,16.0,64.0,-26.00
1ns,16.0,64.0,-26.00
1ns,16.0,64.0,-26.00
1ns,16.0,64.0,-26.00
1ns,16.0,64.0,-26.00
1ns,16.0,64.0,-26.00
1ns,16.0,64.0,-26.00
1ns,16.0,64.0,-26.00
1ns,16.0,64.0,-26.00
1ns,16.0,64.0,-26.00
1ns,16.0,64.0,-26.00
1ns,16.0,64.0,-26.00
1ns,16.0,64.0,-26.00
1ns,17.0,65.0,-26.00
1ns,17.0,65.0,-26.00
1ns,17.0,65.0,-26.00
1ns,17.0,65.0,-26.00
1ns,17.0,65.0,-26.00
1ns,17.0,65.0,-26.00
1ns,17.0,65.0,-26.00
1ns,17.0,65.0,-26.00
1ns,17.0,65.0,-26.00
1ns,17.0,65.0,-26.00
1ns,17.0,65.0,-26.00
1ns,17.0,65.0,-26.00
1ns,17.0,65.0,-26.00
1ns,17.0,65.0,-26.00
1ns,17.0,65.0,-26.00
1ns,17.0,65.0,-26.00
1ns,17.0,65.0,-26.00
1ns,17.0,65.0,-26.00
1ns,17.0,65.0,-26.00
1ns,17.0,66.0,-26.00
1ns,17.0,66.0,-26.00
1ns,17.0,66.0,-26.00
1ns,17.0,66.0,-26.00
1ns,17.0,66.0,-26.00
1ns,17.0,66.0,-26.00
1ns,17.0,66.0,-26.00
1ns,17.0,66.0,-26.00
1ns,17.0,66.0,-26.00
1ns,17.0,66.0,-26.00
1ns,17.0,66.0,-26.00
1ns,17.0,66.0,-26.00
1ns,17.0,66.0,-26.00
1ns,17.0,66.0,-26.00
1ns,17.0,66.0,-26.00
1ns,17.0,66.0,-26.00
1ns,17.0,66.0,-26.00
1ns,17.0,66.0,-26.00
1ns,17.0,66.0,-26.00
1ns,17.0,66.0,-26.00
1ns,17.0,66.0,-26.00
1ns,17.0,66.0,-26.00
1ns,17.0,66.0,-26.00
1ns,17.0,66.0,-26.00
1ns,17.0,66.0,-26.00
1ns,17.0,66.0,-26.00
1ns,17.0,66.0,-26.00
1ns,17.0,66.0,-26.00
1ns,17.0,66.0,-26.00
1ns,17.0,66.0,-26.00
1ns,17.0,66.0,-26.00
1ns,17.0,66.0,-26.00
1ns,17.0,66.0,-26.00
1ns,17.0,66.0,-26.00
1ns,17.0,66.0,-26.00
1ns,17.0,66.0,-26.00
1ns,17.0,66.0,-26.00
1ns,17.0,66.0,-26.00
3ns,18.0,67.0,-26.00
3ns,18.0,67.0,-26.00
3ns,18.0,67.0,-26.00
3ns,18.0,67.0,-26.00
3ns,18.0,67.0,-26.00
3ns,18.0,67.0,-26.00
3ns,18.0,67.0,-26.00
3ns,18.0,67.0,-26.00
3ns,18.0,67.0,-26.00
3ns,18.0,67.0,-26.00
3ns,18.0,67.0,-26.00
3ns,18.0,67.0,-26.00
3ns,18.0,67.0,-26.00
3ns,18.0,67.0,-26.00
3ns,18.0,67.0,-26.00
3ns,18.0,67.0,-26.00
3ns,18.0,67.0,-26.00
3ns,18.0,67.0,-26.00
3ns,18.0,67.0,-26.00
3ns,18.0,67.0,-26.00
3ns,18.0,67.0,-26.00
3ns,18.0,67.0,-26.00
3ns,18.0,67.0,-26.00
3ns,18.0,67.0,-26.00
3ns,18.0,67.0,-26.00
3ns,18.0,67.0,-26.00
3ns,18.0,67.0,-26.00
3ns,18.0,67.0,-26.00
3ns,18.0,67.0,-26.00
3ns,18.0,67.0,-26.00
3ns,18.0,67.0,-26.00
3ns,18.0,67.0,-26.00
3ns,18.0,67.0,-26.00
3ns,18.0,67.0,-26.00
3ns,18.0,67.0,-26.00
3ns,18.0,67.0,-26.00
3ns,18.0,67.0,-26.00
3ns,18.0,67.0,-26.00
3ns,18.0,67.0,-26.00
3ns,18.0,67.0,-26.00
3ns,18.0,67.0,-26.00
3ns,18.0,67.0,-26.00
3ns,18.0,67.0,-26.00
3ns,18.0,67.0,-26.00
3ns,18.0,67.0,-26.00
3ns,18.0,67.0,-26.00
3ns,18.0,68.0,-26.00
3ns,18.0,68.0,-26.00
3ns,18.0,68.0,-26.00
3ns,18.0,68.0,-26.00
3ns,18.0,68.0,-26.00
3ns,18.0,68.0,-26.00
3ns,18.0,68.0,-26.00
3ns,18.0,68.0,-26.00
3ns,18.0,68.0,-26.00
3ns,18.0,68.0,-26.00
3ns,18.0,68.0,-26.00
3ns,19.0,69.0,-26.00
3ns,19.0,69.0,-26.00
3ns,19.0,69.0,-26.00
3ns,19.0,69.0,-26.00
3ns,19.0,69.0,-26.00
3ns,19.0,69.0,-26.00
3ns,19.0,69.0,-26.00
3ns,19.0,69.0,-26.00
3ns,19.0,69.0,-26.00
3ns,19.0,69.0,-26.00
3ns,19.0,69.0,-26.00
3ns,19.0,69.0,-26.00
3ns,19.0,69.0,-26.00
3ns,19.0,69.0,-26.00
3ns,19.0,69.0,-26.00
3ns,19.0,69.0,-26.00
3ns,19.0,69.0,-26.00
3ns,19.0,69.0,-26.00
3ns,19.0,69.0,-26.00
3ns,19.0,69.0,-26.00
3ns,19.0,69.0,-26.00
3ns,19.0,69.0,-26.00
3ns,19.0,69.0,-26.00
3ns,19.0,69.0,-26.00
3ns,19.0,69.0,-26.00
3ns,19.0,69.0,-26.00
3ns,19.0,69.0,-26.00
3ns,19.0,69.0,-26.00
3ns,19.0,69.0,-26.00
3ns,19.0,69.0,-26.00
3ns,19.0,69.0,-26.00
3ns,19.0,69.0,-26.00
3ns,19.0,69.0,-26.00
3ns,19.0,69.0,-26.00
3ns,19.0,70.0,-26.00
3ns,19.0,70.0,-26.00
3ns,19.0,71.0,-26.00
3ns,19.0,71.0,-26.00
3ns,19.0,71.0,-26.00
3ns,19.0,71.0,-26.00
3ns,19.0,71.0,-26.00
3ns,19.0,71.0,-26.00
3ns,19.0,71.0,-26.00
3ns,19.0,71.0,-26.00
3ns,19.0,71.0,-26.00
3ns,19.0,71.0,-26.00
3ns,19.0,72.0,-26.00
3ns,19.0,72.0,-26.00
3ns,19.0,72.0,-26.00
3ns,19.0,72.0,-26.00
3ns,19.0,72.0,-26.00
3ns,19.0,72.0,-26.00
3ns,19.0,72.0,-26.00
3ns,19.0,72.0,-26.00
3ns,19.0,72.0,-26.00
3ns,19.0,72.0,-26.00
3ns,19.0,72.0,-26.00
3ns,19.0,72.0,-26.00
3ns,19.0,72.0,-26.00
3ns,19.0,72.0,-26.00
3ns,19.0,72.0,-26.00
3ns,20.0,73.0,-26.00
3ns,20.0,73.0,-26.00
3ns,20.0,73.0,-26.00
3ns,20.0,73.0,-26.00
3ns,20.0,73.0,-26.00
3ns,20.0,73.0,-26.00
3ns,20.0,73.0,-26.00
3ns,20.0,73.0,-26.00
3ns,20.0,73.0,-26.00
3ns,20.0,73.0,-26.00
3ns,20.0,73.0,-26.00
3ns,20.0,73.0,-26.00
3ns,20.0,73.0,-26.00
3ns,20.0,73.0,-26.00
3ns,20.0,73.0,-26.00
3ns,20.0,73.0,-26.00
3ns,20.0,73.0,-26.00
3ns,20.0,73.0,-26.00
3ns,20.0,73.0,-26.00
3ns,20.0,73.0,-26.00
3ns,20.0,73.0,-26.00
3ns,20.0,73.0,-26.00
3ns,20.0,73.0,-26.00
3ns,20.0,73.0,-26.00
3ns,20.0,73.0,-26.00
3ns,20.0,73.0,-26.00
3ns,20.0,73.0,-26.00
3ns,20.0,73.0,-26.00
3ns,20.0,73.0,-26.00
3ns,20.0,73.0,-26.00
3ns,20.0,73.0,-26.00
3ns,20.0,73.0,-26.00
3ns,20.0,73.0,-26.00
3ns,20.0,74.0,-26.00
3ns,20.0,74.0,-26.00
3ns,20.0,74.0,-26.00
3ns,20.0,74.0,-26.00
3ns,20.0,74.0,-26.00
3ns,20.0,74.0,-26.00
3ns,20.0,74.0,-26.00
3ns,20.0,74.0,-26.00
3ns,20.0,74.0,-26.00
3ns,20.0,74.0,-26.00
3ns,20.0,74.0,-26.00
3ns,20.0,74.0,-26.00
3ns,20.0,74.0,-26.00
3ns,21.0,75.0,-26.00
3ns,21.0,75.0,-26.00
3ns,21.0,75.0,-26.00
3ns,21.0,75.0,-26.00
3ns,21.0,75.0,-26.00
3ns,21.0,75.0,-26.00
3ns,21.0,75.0,-26.00
3ns,21.0,75.0,-26.00
3ns,21.0,75.0,-26.00
3ns,21.0,75.0,-26.00
3ns,21.0,75.0,-26.00
3ns,21.0,75.0,-26.00
3ns,21.0,75.0,-26.00
3ns,21.0,75.0,-26.00
3ns,21.0,75.0,-26.00
3ns,21.0,75.0,-26.00
3ns,21.0,75.0,-26.00
3ns,21.0,75.0,-26.00
3ns,21.0,75.0,-26.00
3ns,21.0,75.0,-26.00
3ns,21.0,75.0,-26.00
3ns,21.0,75.0,-26.00
3ns,21.0,75.0,-26.00
3ns,21.0,75.0,-26.00
3ns,21.0,75.0,-26.00
3ns,21.0,75.0,-26.00
3ns,21.0,75.0,-26.00
3ns,21.0,75.0,-26.00
3ns,21.0,75.0,-26.00
3ns,21.0,75.0,-26.00
3ns,21.0,75.0,-26.00
3ns,21.0,76.0,-26.00
3ns,21.0,76.0,-26.00
3ns,21.0,76.0,-26.00
3ns,21.0,76.0,-26.00
3ns,21.0,76.0,-26.00
3ns,21.0,76.0,-26.00
3ns,21.0,76.0,-26.00
3ns,21.0,76.0,-26.00
3ns,21.0,76.0,-26.00
3ns,21.0,76.0,-26.00
3ns,21.0,76.0,-26.00
3ns,21.0,76.0,-26.00
3ns,21.0,76.0,-26.00
3ns,21.0,76.0,-26.00
3ns,22.0,77.0,-26.00
3ns,22.0,77.0,-26.00
3ns,22.0,77.0,-26.00
3ns,22.0,77.0,-26.00
3ns,22.0,77.0,-26.00
3ns,22.0,77.0,-26.00
3ns,22.0,77.0,-26.00
3ns,22.0,77.0,-26.00
3ns,22.0,77.0,-26.00
3ns,22.0,77.0,-26.00
3ns,22.0,77.0,-26.00
3ns,22.0,77.0,-26.00
3ns,22.0,77.0,-26.00
3ns,22.0,77.0,-26.00
3ns,22.0,77.0,-26.00
3ns,22.0,78.0,-26.00
3ns,22.0,79.0,-26.00
3ns,22.0,79.0,-26.00
3ns,22.0,79.0,-26.00
3ns,22.0,79.0,-26.00
3ns,22.0,79.0,-26.00
3ns,22.0,79.0,-26.00
3ns,22.0,79.0,-26.00
3ns,22.0,79.0,-26.00
3ns,22.0,79.0,-26.00
3ns,22.0,79.0,-26.00
3ns,22.0,79.0,-26.00
3ns,22.0,79.0,-26.00
3ns,22.0,79.0,-26.00
3ns,22.0,79.0,-26.00
3ns,22.0,79.0,-26.00
3ns,22.0,79.0,-26.00
3ns,22.0,79.0,-26.00
3ns,22.0,79.0,-26.00
3ns,22.0,79.0,-26.00
3ns,22.0,79.0,-26.00
3ns,22.0,79.0,-26.00
3ns,22.0,79.0,-26.00
3ns,22.0,79.0,-26.00
3ns,22.0,79.0,-26.00
3ns,22.0,79.0,-26.00
3ns,22.0,79.0,-26.00
3ns,22.0,79.0,-26.00
3ns,23.0,80.0,-26.00
3ns,23.0,80.0,-26.00
3ns,23.0,80.0,-26.00
3ns,23.0,80.0,-26.00
3ns,23.0,80.0,-26.00
3ns,23.0,80.0,-26.00
3ns,23.0,80.0,-26.00
3ns,23.0,80.0,-26.00
3ns,23.0,80.0,-26.00
3ns,23.0,80.0,-26.00
3ns,23.0,80.0,-26.00
3ns,23.0,80.0,-26.00
3ns,23.0,80.0,-26.00
3ns,23.0,80.0,-26.00
3ns,23.0,80.0,-26.00
3ns,23.0,80.0,-26.00
3ns,23.0,80.0,-26.00
3ns,23.0,80.0,-26.00
3ns,23.0,80.0,-26.00
3ns,23.0,80.0,-26.00
1ns,23.0,82.0,-26.00
1ns,23.0,82.0,-26.00
1ns,23.0,82.0,-26.00
1ns,23.0,82.0,-26.00
1ns,23.0,82.0,-26.00
1ns,23.0,82.0,-26.00
1ns,23.0,82.0,-26.00
1ns,23.0,82.0,-26.00
1ns,23.0,82.0,-26.00
1ns,23.0,82.0,-26.00
1ns,23.0,82.0,-26.00
1ns,23.0,82.0,-26.00
1ns,23.0,82.0,-26.00
1ns,23.0,82.0,-26.00
1ns,23.0,82.0,-26.00
1ns,23.0,82.0,-26.00
1ns,23.0,82.0,-26.00
1ns,23.0,82.0,-26.00
1ns,23.0,82.0,-26.00
1ns,23.0,82.0,-26.00
1ns,23.0,82.0,-26.00
10ns,23.0,83.0,-26.00
10ns,23.0,83.0,-26.00
10ns,23.0,83.0,-26.00
10ns,23.0,83.0,-26.00
10ns,23.0,83.0,-26.00
10ns,23.0,83.0,-26.00
10ns,23.0,83.0,-26.00
10ns,23.0,83.0,-26.00
10ns,23.0,83.0,-26.00
10ns,23.0,83.0,-26.00
10ns,23.0,84.0,-26.00
30ns,24.0,85.0,-26.00
30ns,24.0,85.0,-26.00
30ns,24.0,85.0,-26.00
30ns,24.0,85.0,-26.00
30ns,24.0,85.0,-26.00
30ns,24.0,85.0,-26.00
30ns,24.0,85.0,-26.00
30ns,24.0,85.0,-26.00
30ns,24.0,85.0,-26.00
30ns,24.0,85.0,-26.00
30ns,24.0,85.0,-26.00
30ns,24.0,86.0,-26.00
30ns,24.0,86.0,-26.00
30ns,24.0,86.0,-26.00
30ns,24.0,86.0,-26.00
30ns,24.0,86.0,-26.00
30ns,24.0,86.0,-26.00
30ns,24.0,86.0,-26.00
30ns,24.0,86.0,-26.00
30ns,24.0,86.0,-26.00
30ns,24.0,86.0,-26.00
30ns,24.0,86.0,-26.00
30ns,24.0,86.0,-26.00
30ns,24.0,86.0,-26.00
30ns,24.0,86.0,-26.00
30ns,24.0,86.0,-26.00
30ns,24.0,86.0,-26.00
30ns,24.0,86.0,-26.00
30ns,24.0,86.0,-26.00
30ns,24.0,86.0,-26.00
30ns,24.0,86.0,-26.00
30ns,24.0,86.0,-26.00
30ns,24.0,86.0,-26.00
30ns,24.0,87.0,-26.00
30ns,24.0,87.0,-26.00
30ns,24.0,87.0,-26.00
30ns,24.0,87.0,-26.00
30ns,24.0,87.0,-26.00
30ns,24.0,87.0,-26.00
30ns,24.0,87.0,-26.00
30ns,24.0,87.0,-26.00
30ns,24.0,87.0,-26.00
30ns,24.0,87.0,-26.00
30ns,24.0,87.0,-26.00
30ns,25.0,88.0,-26.00
30ns,25.0,88.0,-26.00
30ns,25.0,88.0,-26.00
30ns,25.0,88.0,-26.00
30ns,25.0,88.0,-26.00
30ns,25.0,88.0,-26.00
30ns,25.0,88.0,-26.00
30ns,25.0,88.0,-26.00
30ns,25.0,88.0,-26.00
30ns,25.0,88.0,-26.00
30ns,25.0,88.0,-26.00
30ns,25.0,88.0,-26.00
30ns,25.0,88.0,-26.00
30ns,25.0,88.0,-26.00
30ns,25.0,88.0,-26.00
30ns,25.0,88.0,-26.00
30ns,25.0,88.0,-26.00
30ns,25.0,88.0,-26.00
30ns,25.0,88.0,-26.00
30ns,25.0,88.0,-26.00
30ns,25.0,88.0,-26.00
30ns,25.0,88.0,-26.00
30ns,25.0,88.0,-26.00
30ns,25.0,88.0,-26.00
30ns,25.0,88.0,-26.00
30ns,25.0,88.0,-26.00
30ns,25.0,88.0,-26.00
30ns,25.0,88.0,-26.00
30ns,25.0,88.0,-26.00
30ns,25.0,88.0,-26.00
30ns,25.0,88.0,-26.00
30ns,25.0,88.0,-26.00
30ns,25.0,88.0,-26.00
30ns,25.0,88.0,-26.00
30ns,25.0,88.0,-26.00
30ns,25.0,88.0,-26.00
30ns,25.0,88.0,-26.00
30ns,25.0,88.0,-26.00
30ns,25.0,88.0,-26.00
30ns,25.0,88.0,-26.00
30ns,25.0,88.0,-26.00
30ns,25.0,89.0,-26.00
30ns,25.0,89.0,-26.00
30ns,25.0,89.0,-26.00
30ns,25.0,89.0,-26.00
30ns,25.0,89.0,-26.00
30ns,25.0,89.0,-26.00
30ns,25.0,89.0,-26.00
30ns,25.0,89.0,-26.00
30ns,25.0,89.0,-26.00
30ns,25.0,89.0,-26.00
30ns,25.0,89.0,-26.00
30ns,25.0,89.0,-26.00
30ns,25.0,89.0,-26.00
30ns,25.0,89.0,-26.00
30ns,25.0,89.0,-26.00
30ns,25.0,89.0,-26.00
30ns,25.0,89.0,-26.00
30ns,25.0,89.0,-26.00
30ns,26.0,90.0,-26.00
30ns,26.0,90.0,-26.00
30ns,26.0,90.0,-26.00
30ns,26.0,90.0,-26.00
30ns,26.0,90.0,-26.00
30ns,26.0,90.0,-26.00
30ns,26.0,90.0,-26.00
30ns,26.0,90.0,-26.00
30ns,26.0,90.0,-26.00
30ns,26.0,90.0,-26.00
30ns,26.0,90.0,-26.00
30ns,26.0,90.0,-26.00
30ns,26.0,90.0,-26.00
30ns,26.0,90.0,-26.00
30ns,26.0,90.0,-26.00
30ns,26.0,90.0,-26.00
30ns,26.0,90.0,-26.00
30ns,26.0,90.0,-26.00
30ns,26.0,90.0,-26.00
30ns,26.0,90.0,-26.00
30ns,26.0,90.0,-26.00
30ns,26.0,90.0,-26.00
30ns,26.0,90.0,-26.00
30ns,26.0,90.0,-26.00
30ns,26.0,90.0,-26.00
30ns,26.0,90.0,-26.00
30ns,26.0,90.0,-26.00
30ns,26.0,90.0,-26.00
30ns,26.0,90.0,-26.00
30ns,26.0,90.0,-26.00
30ns,26.0,90.0,-26.00
30ns,26.0,90.0,-26.00
30ns,26.0,90.0,-26.00
30ns,26.0,90.0,-26.00
30ns,26.0,90.0,-26.00
30ns,26.0,91.0,-26.00
30ns,26.0,91.0,-26.00
30ns,26.0,91.0,-26.00
30ns,26.0,91.0,-26.00
30ns,26.0,91.0,-26.00
30ns,26.0,91.0,-26.00
30ns,26.0,91.0,-26.00
30ns,26.0,91.0,-26.00
30ns,26.0,91.0,-26.00
30ns,26.0,91.0,-26.00
30ns,26.0,91.0,-26.00
30ns,26.0,91.0,-26.00
30ns,26.0,91.0,-26.00
30ns,26.0,91.0,-26.00
30ns,26.0,91.0,-26.00
30ns,26.0,91.0,-26.00
30ns,26.0,91.0,-26.00
30ns,26.0,91.0,-26.00
30ns,26.0,91.0,-26.00
30ns,26.0,92.0,-26.00
30ns,26.0,92.0,-26.00
30ns,26.0,93.0,-26.00
30ns,26.0,93.0,-26.00
1us,27.0,94.0,-26.00
1us,27.0,94.0,-26.00
1us,27.0,94.0,-26.00
1us,28.0,95.0,-26.00
1us,28.0,95.0,-26.00
1us,28.0,95.0,-26.00
1us,28.0,95.0,-26.00
1us,28.0,95.0,-26.00
1us,28.0,95.0,-26.00
1us,28.0,95.0,-26.00
1us,28.0,95.0,-26.00
1us,28.0,95.0,-26.00
1us,28.0,95.0,-26.00
1us,28.0,95.0,-26.00
1us,28.0,95.0,-26.00
1us,28.0,96.0,-26.00
1us,28.0,96.0,-26.00
1us,28.0,96.0,-26.00
1us,28.0,96.0,-26.00
1us,28.0,96.0,-26.00
1us,28.0,96.0,-26.00
1us,28.0,96.0,-26.00
1us,28.0,96.0,-26.00
1us,28.0,96.0,-26.00
1us,28.0,96.0,-26.00
1us,28.0,97.0,-26.00
1us,28.0,97.0,-26.00
1us,28.0,97.0,-26.00
1us,28.0,97.0,-26.00
1us,28.0,97.0,-26.00
1us,28.0,97.0,-26.00
1us,28.0,97.0,-26.00
1us,28.0,97.0,-26.00
1us,28.0,97.0,-26.00
1us,28.0,97.0,-26.00
1us,28.0,97.0,-26.00
1us,28.0,97.0,-26.00
1us,28.0,97.0,-26.00
1us,28.0,97.0,-26.00
1us,28.0,97.0,-26.00
1us,28.0,97.0,-26.00
1us,28.0,97.0,-26.00
1us,28.0,97.0,-26.00
1us,28.0,97.0,-26.00
1us,28.0,97.0,-26.00
1us,28.0,97.0,-26.00
1us,28.0,97.0,-26.00
1us,28.0,97.0,-26.00
1us,28.0,97.0,-26.00
1us,28.0,97.0,-26.00
1us,28.0,97.0,-26.00
1us,28.0,97.0,-26.00
1us,28.0,97.0,-26.00
1us,28.0,97.0,-26.00
1us,28.0,97.0,-26.00
1us,28.0,97.0,-26.00
1us,28.0,97.0,-26.00
1us,28.0,97.0,-26.00
1us,28.0,97.0,-26.00
1us,28.0,97.0,-26.00
1us,28.0,97.0,-26.00
1us,28.0,97.0,-26.00
1us,28.0,97.0,-26.00
1us,28.0,97.0,-26.00
1us,28.0,97.0,-26.00
1us,28.0,97.0,-26.00
1us,28.0,97.0,-26.00
1us,28.0,97.0,-26.00
1us,28.0,97.0,-26.00
1us,28.0,97.0,-26.00
1us,28.0,97.0,-26.00
1us,29.0,98.0,-26.00
1us,29.0,98.0,-26.00
1us,29.0,98.0,-26.00
1us,29.0,98.0,-26.00
1us,29.0,98.0,-26.00
1us,29.0,98.0,-26.00
1us,29.0,98.0,-26.00
1us,29.0,98.0,-26.00
1us,29.0,98.0,-26.00
1us,29.0,98.0,-26.00
1us,29.0,98.0,-26.00
1us,29.0,98.0,-26.00
1us,29.0,98.0,-26.00
1us,29.0,98.0,-26.00
1us,29.0,98.0,-26.00
1us,29.0,98.0,-26.00
1us,29.0,98.0,-26.00
1us,29.0,98.0,-26.00
1us,29.0,98.0,-26.00
1us,29.0,98.0,-26.00
1us,29.0,98.0,-26.00
1us,29.0,98.0,-26.00
1us,29.0,98.0,-26.00
1us,29.0,98.0,-26.00
1us,29.0,98.0,-26.00
1us,29.0,98.0,-26.00
1us,29.0,98.0,-26.00
1us,29.0,98.0,-26.00
1us,29.0,98.0,-26.00
1us,29.0,98.0,-26.00
1us,29.0,98.0,-26.00
1us,29.0,98.0,-26.00
1us,29.0,98.0,-26.00
1us,29.0,99.0,-26.00
1us,29.0,99.0,-26.00
1us,29.0,99.0,-26.00
1us,29.0,99.0,-26.00
1us,29.0,99.0,-26.00
1us,29.0,99.0,-26.00
1us,29.0,99.0,-26.00
1us,29.0,99.0,-26.00
1us,29.0,99.0,-26.00
1us,29.0,99.0,-26.00
1us,29.0,99.0,-26.00
1us,29.0,99.0,-26.00
1us,29.0,99.0,-26.00
3ps,29.0,100.0,-26.00
3ps,29.0,100.0,-26.00
3ps,29.0,100.0,-26.00
3ps,29.0,100.0,-26.00
3ps,30.0,101.0,-26.00
3ps,30.0,102.0,-26.00
3ps,30.0,102.0,-26.00
3ps,30.0,102.0,-26.00
3ps,30.0,102.0,-26.00
3ps,30.0,102.0,-26.00
3ps,30.0,102.0,-26.00
3ps,30.0,102.0,-26.00
3ps,30.0,102.0,-26.00
3ps,30.0,102.0,-26.00
3ps,30.0,102.0,-26.00
3ps,30.0,102.0,-26.00
3ps,30.0,102.0,-26.00
3ps,30.0,102.0,-26.00
3ps,30.0,102.0,-26.00
3ps,30.0,102.0,-26.00
3ps,30.0,102.0,-26.00
3ps,30.0,102.0,-26.00
3ps,30.0,102.0,-26.00
3ps,30.0,102.0,-26.00
3ps,30.0,102.0,-26.00
3ps,30.0,102.0,-26.00
3ps,30.0,102.0,-26.00
3ps,30.0,102.0,-26.00
3ps,30.0,102.0,-26.00
3ps,30.0,102.0,-26.00
3ps,30.0,102.0,-26.00
3ps,30.0,102.0,-26.00
3ps,30.0,102.0,-26.00
3ps,30.0,102.0,-26.00
3ps,30.0,102.0,-26.00
3ps,30.0,102.0,-26.00
3ps,30.0,102.0,-26.00
3ps,30.0,102.0,-26.00
3ps,30.0,102.0,-26.00
3ps,30.0,102.0,-26.00
3ps,30.0,102.0,-26.00
3ps,30.0,102.0,-26.00
3ps,30.0,103.0,-26.00
3ps,30.0,103.0,-26.00
3ps,30.0,103.0,-26.00
3ps,30.0,103.0,-26.00
3ps,30.0,103.0,-26.00
3ps,30.0,103.0,-26.00
3ps,30.0,103.0,-26.00
3ps,30.0,103.0,-26.00
3ps,30.0,103.0,-26.00
3ps,30.0,103.0,-26.00
3ps,30.0,103.0,-26.00
3ps,30.0,103.0,-26.00
3ps,30.0,103.0,-26.00
3ps,30.0,103.0,-26.00
3ps,30.0,103.0,-26.00
3ps,30.0,103.0,-26.00
3ps,30.0,103.0,-26.00
3ps,30.0,103.0,-26.00
3ps,30.0,103.0,-26.00
3ps,30.0,103.0,-26.00
3ps,30.0,103.0,-26.00
3ps,30.0,103.0,-26.00
3ps,30.0,103.0,-26.00
3ps,30.0,103.0,-26.00
3ps,30.0,103.0,-26.00
3ps,30.0,103.0,-26.00
3ps,31.0,104.0,-26.00
3ps,31.0,105.0,-26.00
3ps,31.0,105.0,-26.00
3ps,31.0,105.0,-26.00
3ps,31.0,105.0,-26.00
3ps,31.0,105.0,-26.00
3ps,31.0,105.0,-26.00
3ps,31.0,105.0,-26.00
300ps,31.0,106.0,-26.00
300ps,31.0,106.0,-26.00
300ps,31.0,106.0,-26.00
300ps,31.0,106.0,-26.00
300ps,31.0,106.0,-26.00
300ps,31.0,106.0,-26.00
300ps,31.0,106.0,-26.00
300ps,31.0,106.0,-26.00
300ps,31.0,106.0,-26.00
300ps,31.0,106.0,-26.00
300ps,31.0,106.0,-26.00
300ps,31.0,106.0,-26.00
300ps,31.0,106.0,-26.00
300ps,31.0,106.0,-26.00
300ps,31.0,106.0,-26.00
300ps,31.0,106.0,-26.00
300ps,31.0,107.0,-26.00
300ps,31.0,107.0,-26.00
300ps,31.0,107.0,-26.00
300ps,31.0,107.0,-26.00
300ps,31.0,107.0,-26.00
300ps,31.0,107.0,-26.00
300ps,31.0,107.0,-26.00
300ps,31.0,107.0,-26.00
300ps,31.0,107.0,-26.00
300ps,31.0,107.0,-26.00
300ps,31.0,107.0,-26.00
300ps,31.0,107.0,-26.00
300ps,31.0,107.0,-26.00
300ps,31.0,107.0,-26.00
300ps,31.0,107.0,-26.00
300ps,31.0,107.0,-26.00
300ps,31.0,107.0,-26.00
300ps,31.0,107.0,-26.00
300ps,31.0,107.0,-26.00
300ps,31.0,107.0,-26.00
300ps,31.0,107.0,-26.00
300ps,31.0,107.0,-26.00
300ps,31.0,107.0,-26.00
300ps,31.0,107.0,-26.00
300ps,31.0,107.0,-26.00
300ps,31.0,108.0,-26.00
300ps,31.0,108.0,-26.00
300ps,31.0,108.0,-26.00
300ps,31.0,108.0,-26.00
300ps,31.0,108.0,-26.00
300ps,31.0,108.0,-26.00
300ps,31.0,108.0,-26.00
300ps,31.0,109.0,-26.00
300ps,32.0,110.0,-26.00
300ps,32.0,110.0,-26.00
300ps,32.0,110.0,-26.00
300ps,32.0,110.0,-26.00
300ps,32.0,110.0,-26.00
300ps,32.0,110.0,-26.00
300ps,32.0,110.0,-26.00
300ps,32.0,110.0,-26.00
300ps,32.0,110.0,-26.00
300ps,32.0,110.0,-26.00
300ps,32.0,110.0,-26.00
300ps,32.0,110.0,-26.00
300ps,32.0,110.0,-26.00
300ps,32.0,110.0,-26.00
300ps,32.0,110.0,-26.00
300ps,32.0,110.0,-26.00
300ps,32.0,110.0,-26.00
300ps,32.0,110.0,-26.00
300ps,32.0,110.0,-26.00
300ps,32.0,110.0,-26.00
300ps,32.0,110.0,-26.00
300ps,32.0,110.0,-26.00
300ps,32.0,110.0,-26.00
300ps,32.0,110.0,-26.00
300ps,32.0,110.0,-26.00
300ps,32.0,110.0,-26.00
300ps,32.0,110.0,-26.00
300ps,32.0,110.0,-26.00
30us,32.0,111.0,-26.00
30us,32.0,111.0,-26.00
30us,32.0,111.0,-26.00
30us,32.0,111.0,-26.00
30us,32.0,111.0,-26.00
30us,32.0,111.0,-26.00
30us,32.0,111.0,-26.00
30us,32.0,111.0,-26.00
30us,32.0,111.0,-26.00
30us,32.0,111.0,-26.00
30us,32.0,111.0,-26.00
30us,32.0,111.0,-26.00
30us,32.0,111.0,-26.00
30us,32.0,111.0,-26.00
30us,32.0,112.0,-26.00
30us,32.0,112.0,-26.00
30us,32.0,112.0,-26.00
30us,32.0,112.0,-26.00
30us,32.0,112.0,-26.00
30us,32.0,112.0,-26.00
30us,32.0,113.0,-26.00
30us,32.0,113.0,-26.00
30us,32.0,113.0,-26.00
30us,32.0,113.0,-26.00
30us,32.0,113.0,-26.00
30us,33.0,113.0,-26.00
30us,33.0,114.0,-26.00
30us,33.0,114.0,-26.00
30us,33.0,114.0,-26.00
30us,33.0,114.0,-26.00
30us,33.0,114.0,-26.00
30us,33.0,114.0,-26.00
30us,33.0,114.0,-26.00
30us,33.0,114.0,-26.00
30us,33.0,114.0,-26.00
30us,33.0,114.0,-26.00
30us,33.0,114.0,-26.00
30us,33.0,114.0,-26.00
30us,33.0,114.0,-26.00
30us,33.0,114.0,-26.00
30us,33.0,114.0,-26.00
30us,33.0,114.0,-26.00
30us,33.0,114.0,-26.00
30us,33.0,114.0,-26.00
30us,33.0,114.0,-26.00
30us,33.0,114.0,-26.00
30us,33.0,114.0,-26.00
30us,33.0,114.0,-26.00
30us,33.0,114.0,-26.00
30us,33.0,114.0,-26.00
30us,33.0,114.0,-26.00
30us,33.0,114.0,-26.00
30us,33.0,114.0,-26.00
30us,33.0,114.0,-26.00
30us,33.0,114.0,-26.00
30us,33.0,114.0,-26.00
30us,33.0,114.0,-26.00
30us,33.0,114.0,-26.00
30us,33.0,114.0,-26.00
30us,33.0,114.0,-26.00
30us,33.0,114.0,-26.00
30us,33.0,114.0,-26.00
30us,33.0,114.0,-26.00
30us,33.0,114.0,-26.00
30us,33.0,114.0,-26.00
30us,33.0,114.0,-26.00
30us,33.0,114.0,-26.00
30us,33.0,114.0,-26.00
30us,33.0,114.0,-26.00
30us,33.0,114.0,-26.00
30us,33.0,114.0,-26.00
30us,33.0,114.0,-26.00
30us,33.0,114.0,-26.00
30us,33.0,114.0,-26.00
30us,33.0,114.0,-26.00
30us,33.0,114.0,-26.00
30us,33.0,115.0,-26.00
30us,33.0,115.0,-26.00
30us,33.0,115.0,-26.00
30us,33.0,115.0,-26.00
30us,33.0,115.0,-26.00
30us,33.0,115.0,-26.00
30us,34.0,116.0,-26.00
30us,34.0,116.0,-26.00
30us,34.0,116.0,-26.00
30us,34.0,116.0,-26.00
30us,34.0,116.0,-26.00
30us,34.0,116.0,-26.00
30us,34.0,116.0,-26.00
30us,34.0,116.0,-26.00
30us,34.0,116.0,-26.00
30us,34.0,116.0,-26.00
30us,34.0,116.0,-26.00
30us,34.0,116.0,-26.00
30us,34.0,116.0,-26.00
30us,34.0,116.0,-26.00
30us,34.0,116.0,-26.00
30us,34.0,116.0,-26.00
30us,34.0,116.0,-26.00
30us,34.0,116.0,-26.00
30us,34.0,116.0,-26.00
30us,34.0,116.0,-26.00
30us,34.0,116.0,-26.00
30us,34.0,116.0,-26.00
30us,34.0,116.0,-26.00
30us,34.0,116.0,-26.00
30us,34.0,116.0,-26.00
30us,34.0,117.0,-26.00
30us,34.0,117.0,-26.00
30us,34.0,117.0,-26.00
30us,34.0,117.0,-26.00
30us,34.0,117.0,-26.00
30us,34.0,117.0,-26.00
30us,34.0,117.0,-26.00
30us,34.0,117.0,-26.00
30us,34.0,117.0,-26.00
30us,34.0,117.0,-26.00
30us,34.0,117.0,-26.00
30us,34.0,117.0,-26.00
30us,34.0,117.0,-26.00
30us,34.0,117.0,-26.00
30us,34.0,117.0,-26.00
100us,36.0,118.0,-26.00
100us,36.0,118.0,-26.00
100us,36.0,118.0,-26.00
100us,36.0,118.0,-26.00
100us,36.0,118.0,-26.00
100us,36.0,118.0,-26.00
100us,36.0,118.0,-26.00
100us,36.0,119.0,-26.00
100us,36.0,119.0,-26.00
100us,36.0,119.0,-26.00
100us,36.0,119.0,-26.00
100us,36.0,119.0,-26.00
100us,36.0,119.0,-26.00
100us,36.0,119.0,-26.00
100us,36.0,120.0,-26.00
100us,36.0,120.0,-26.00
100us,36.0,120.0,-26.00
100us,36.0,120.0,-26.00
100us,36.0,120.0,-26.00
100us,36.0,120.0,-26.00
100us,36.0,120.0,-26.00
100us,36.0,120.0,-26.00
100us,36.0,120.0,-26.00
100us,36.0,121.0,-26.00
100us,36.0,121.0,-26.00
100us,36.0,121.0,-26.00
100us,36.0,121.0,-26.00
100us,36.0,121.0,-26.00
100us,37.0,122.0,-26.00
100us,37.0,122.0,-26.00
100us,37.0,122.0,-26.00
100us,37.0,122.0,-26.00
100us,37.0,122.0,-26.00
100us,37.0,122.0,-26.00
100us,37.0,122.0,-26.00
100us,37.0,122.0,-26.00
100us,37.0,122.0,-26.00
100us,37.0,122.0,-26.00
100us,37.0,122.0,-26.00
100us,37.0,122.0,-26.00
100us,37.0,122.0,-26.00
100us,37.0,122.0,-26.00
100us,37.0,122.0,-26.00
100us,37.0,122.0,-26.00
100us,37.0,122.0,-26.00
100us,37.0,123.0,-26.00
100us,37.0,124.0,-26.00
100us,37.0,125.0,-26.00
100us,37.0,125.0,-26.00
100us,37.0,126.0,-26.00
100us,37.0,126.0,-26.00
100us,37.0,126.0,-26.00
100us,37.0,126.0,-26.00
100us,37.0,126.0,-26.00
100us,37.0,126.0,-26.00
100us,37.0,126.0,-26.00
100us,37.0,126.0,-26.00
100us,37.0,126.0,-26.00
100us,37.0,127.0,-26.00
100us,37.0,128.0,-26.00
100us,37.0,128.0,-26.00
100us,37.0,128.0,-26.00
100us,37.0,128.0,-26.00
100us,37.0,128.0,-26.00
100us,37.0,128.0,-26.00
100us,37.0,128.0,-26.00
100us,37.0,128.0,-26.00
100us,37.0,128.0,-26.00
100us,38.0,129.0,-26.00
100us,38.0,130.0,-26.00
100us,38.0,130.0,-26.00
100us,38.0,130.0,-26.00
100us,38.0,130.0,-26.00
100us,38.0,130.0,-26.00
100us,38.0,130.0,-26.00
100us,38.0,130.0,-26.00
100us,38.0,130.0,-26.00
100us,38.0,130.0,-26.00
100us,38.0,130.0,-26.00
100us,38.0,131.0,-26.00
100us,38.0,131.0,-26.00
100us,38.0,131.0,-26.00
100us,38.0,131.0,-26.00
100us,38.0,131.0,-26.00
100us,38.0,131.0,-26.00
100us,38.0,131.0,-26.00
100us,38.0,131.0,-26.00
100us,38.0,131.0,-26.00
100us,38.0,131.0,-26.00
100us,38.0,131.0,-26.00
100us,38.0,131.0,-26.00
100us,38.0,131.0,-26.00
100us,38.0,131.0,-26.00
100us,38.0,131.0,-26.00
100us,38.0,131.0,-26.00
100us,38.0,132.0,-26.00
100us,38.0,132.0,-26.00
100us,38.0,132.0,-26.00
100us,38.0,132.0,-26.00
100us,38.0,132.0,-26.00
100us,38.0,132.0,-26.00
100us,38.0,132.0,-26.00
100us,38.0,133.0,-26.00
100us,38.0,133.0,-26.00
100us,38.0,133.0,-26.00
100us,39.0,135.0,-26.00
100us,39.0,135.0,-26.00
100us,40.0,136.0,-26.00
100us,40.0,136.0,-26.00
100us,40.0,136.0,-26.00
100us,40.0,136.0,-26.00
100us,40.0,136.0,-26.00
100us,40.0,136.0,-26.00
100us,40.0,136.0,-26.00
100us,40.0,136.0,-26.00
100us,40.0,136.0,-26.00
100us,40.0,136.0,-26.00
100us,40.0,136.0,-26.00
100us,40.0,136.0,-26.00
100us,40.0,136.0,-26.00
100us,40.0,136.0,-26.00
100us,40.0,136.0,-26.00
100us,40.0,136.0,-26.00
100us,40.0,136.0,-26.00
100us,40.0,136.0,-26.00
100us,40.0,136.0,-26.00
100us,40.0,136.0,-26.00
100us,40.0,136.0,-26.00
100us,40.0,136.0,-26.00
100us,40.0,136.0,-26.00
100us,40.0,136.0,-26.00
100us,40.0,136.0,-26.00
100us,40.0,136.0,-26.00
100us,40.0,136.0,-26.00
100us,40.0,136.0,-26.00
100us,40.0,136.0,-26.00
100us,40.0,136.0,-26.00
100us,41.0,137.0,-26.00
100us,41.0,137.0,-26.00
100us,41.0,137.0,-26.00
100us,41.0,137.0,-26.00
100us,41.0,137.0,-26.00
100us,41.0,137.0,-26.00
100us,41.0,137.0,-26.00
100us,41.0,137.0,-26.00
100us,41.0,137.0,-26.00
100us,41.0,137.0,-26.00
100us,41.0,137.0,-26.00
100us,41.0,137.0,-26.00
100us,41.0,137.0,-26.00
100us,42.0,138.0,-26.00
100us,42.0,138.0,-26.00
100us,42.0,138.0,-26.00
100us,42.0,138.0,-26.00
100us,42.0,138.0,-26.00
100us,42.0,138.0,-26.00
100us,42.0,138.0,-26.00
100us,42.0,138.0,-26.00
100us,42.0,138.0,-26.00
100us,42.0,138.0,-26.00
100us,42.0,138.0,-26.00
100us,42.0,138.0,-26.00
100us,42.0,138.0,-26.00
100us,42.0,138.0,-26.00
100us,42.0,138.0,-26.00
100us,42.0,138.0,-26.00
10ns,42.0,139.0,-26.00
10ns,42.0,139.0,-26.00
10ns,42.0,139.0,-26.00
10ns,42.0,139.0,-26.00
10ns,42.0,139.0,-26.00
10ns,42.0,139.0,-26.00
10ns,42.0,139.0,-26.00
10ns,42.0,140.0,-26.00
10ns,42.0,140.0,-26.00
10ns,42.0,140.0,-26.00
10ns,42.0,140.0,-26.00
10ns,42.0,140.0,-26.00
10ns,42.0,140.0,-26.00
10ns,42.0,140.0,-26.00
10ns,42.0,140.0,-26.00
10ns,42.0,140.0,-26.00
10ns,42.0,140.0,-26.00
10ns,42.0,140.0,-26.00
10ns,42.0,140.0,-26.00
10ns,42.0,141.0,-26.00
10ns,42.0,141.0,-26.00
10ns,42.0,141.0,-26.00
10ns,42.0,141.0,-26.00
10ns,42.0,141.0,-26.00
10ns,42.0,141.0,-26.00
10ns,42.0,141.0,-26.00
10ns,42.0,141.0,-26.00
10ns,42.0,141.0,-26.00
10ns,42.0,141.0,-26.00
10ns,42.0,141.0,-26.00
10ns,42.0,141.0,-26.00
10ns,42.0,141.0,-26.00
10ns,42.0,141.0,-26.00
10ns,42.0,141.0,-26.00
10ns,42.0,141.0,-26.00
10ns,42.0,141.0,-26.00
10ns,?,142.0,-26.00
10ns,?,142.0,-26.00
10ns,?,142.0,-26.00
10ns,?,142.0,-26.00
10ns,43.0,143.0,-26.00
10ns,43.0,144.0,-26.00
10ns,43.0,144.0,-26.00
10ns,43.0,144.0,-26.00
10ns,43.0,144.0,-26.00
10ns,43.0,144.0,-26.00
10ns,43.0,144.0,-26.00
10ns,43.0,144.0,-26.00
10ns,43.0,144.0,-26.00
10ns,43.0,144.0,-26.00
10ns,43.0,144.0,-26.00
10ns,43.0,144.0,-26.00
10ns,43.0,144.0,-26.00
10ns,43.0,144.0,-26.00
10ns,43.0,144.0,-26.00
10ns,43.0,145.0,-26.00
10ns,43.0,145.0,-26.00
10ns,43.0,145.0,-26.00
10ns,43.0,145.0,-26.00
10ns,43.0,145.0,-26.00
10ns,43.0,145.0,-26.00
10ns,43.0,145.0,-26.00
10ns,43.0,145.0,-26.00
10ns,43.0,145.0,-26.00
10ns,43.0,145.0,-26.00
10ns,43.0,145.0,-26.00
10ns,43.0,145.0,-26.00
10ns,43.0,145.0,-26.00
10ns,43.0,145.0,-26.00
10ns,43.0,145.0,-26.00
10ns,43.0,145.0,-26.00
10ns,43.0,145.0,-26.00
10ns,43.0,145.0,-26.00
10ns,43.0,145.0,-26.00
10ns,43.0,145.0,-26.00
10ns,43.0,145.0,-26.00
10ns,43.0,145.0,-26.00
10ns,43.0,145.0,-26.00
10ns,43.0,145.0,-26.00
10ns,43.0,145.0,-26.00
10ns,43.0,145.0,-26.00
10ns,43.0,145.0,-26.00
10ns,43.0,145.0,-26.00
10ns,43.0,145.0,-26.00
10ns,43.0,145.0,-26.00
10ns,43.0,145.0,-26.00
10ns,43.0,145.0,-26.00
10ns,43.0,145.0,-26.00
10ns,44.0,146.0,-26.00
10ns,44.0,146.0,-26.00
10ns,44.0,146.0,-26.00
10ns,44.0,146.0,-26.00
10ns,44.0,146.0,-26.00
10ns,44.0,146.0,-26.00
10ns,44.0,146.0,-26.00
10ns,44.0,146.0,-26.00
10ns,44.0,146.0,-26.00
10ns,44.0,146.0,-26.00
10ns,44.0,146.0,-26.00
10ns,44.0,146.0,-26.00
10ns,44.0,146.0,-26.00
10ns,44.0,146.0,-26.00
10ns,44.0,146.0,-26.00
10ns,44.0,146.0,-26.00
10ns,44.0,146.0,-26.00
10ns,44.0,146.0,-26.00
10ns,44.0,146.0,-26.00
10ns,44.0,146.0,-26.00
1ns,44.0,147.0,-26.00
1ns,44.0,148.0,-26.00
1ns,44.0,148.0,-26.00
1ns,44.0,148.0,-26.00
1ns,44.0,148.0,-26.00
1ns,44.0,148.0,-26.00
1ns,44.0,148.0,-26.00
1ns,44.0,148.0,-26.00
1ns,44.0,148.0,-26.00
1ns,44.0,148.0,-26.00
1ns,44.0,148.0,-26.00
1ns,44.0,148.0,-26.00
1ns,44.0,148.0,-26.00
1ns,44.0,148.0,-26.00
1ns,44.0,148.0,-26.00
1ns,44.0,148.0,-26.00
1ns,44.0,148.0,-26.00
1ns,44.0,148.0,-26.00
1ns,44.0,148.0,-26.00
1ns,44.0,148.0,-26.00
1ns,44.0,148.0,-26.00
1ns,44.0,148.0,-26.00
1ns,44.0,148.0,-26.00
1ns,44.0,148.0,-26.00
1ns,44.0,148.0,-26.00
1ns,44.0,148.0,-26.00
1ns,44.0,148.0,-26.00
1ns,44.0,148.0,-26.00
1ns,44.0,148.0,-26.00
1ns,44.0,148.0,-26.00
1ns,44.0,148.0,-26.00
1ns,44.0,148.0,-26.00
1ns,44.0,148.0,-26.00
1ns,44.0,148.0,-26.00
1ns,45.0,149.0,-26.00
1ns,45.0,149.0,-26.00
1ns,46.0,150.0,-26.00
1ns,46.0,150.0,-26.00
1ns,46.0,150.0,-26.00
1ns,46.0,150.0,-26.00
1ns,46.0,150.0,-26.00
1ns,46.0,150.0,-26.00
1ns,46.0,150.0,-26.00
1ns,46.0,150.0,-26.00
1ns,46.0,150.0,-26.00
1ns,46.0,150.0,-26.00
1ns,46.0,150.0,-26.00
1ns,46.0,151.0,-26.00
1ns,46.0,151.0,-26.00
1ns,46.0,151.0,-26.00
1ns,46.0,151.0,-26.00
1ns,46.0,151.0,-26.00
1ns,46.0,151.0,-26.00
1ns,46.0,151.0,-26.00
1ns,46.0,152.0,-26.00
1ns,46.0,152.0,-26.00
1ns,46.0,152.0,-26.00
1ns,46.0,152.0,-26.00
1ns,46.0,152.0,-26.00
1ns,46.0,152.0,-26.00
1ns,46.0,152.0,-26.00
1ns,46.0,152.0,-26.00
1ns,46.0,152.0,-26.00
1ns,46.0,152.0,-26.00
1ns,46.0,152.0,-26.00
1ns,46.0,152.0,-26.00
1ns,46.0,152.0,-26.00
1ns,46.0,152.0,-26.00
1ns,46.0,152.0,-26.00
1ns,47.0,153.0,-26.00
1ns,47.0,153.0,-26.00
1ns,47.0,153.0,-26.00
1ns,47.0,153.0,-26.00
1ns,47.0,153.0,-26.00
1ns,47.0,153.0,-26.00
1ns,47.0,153.0,-26.00
1ns,47.0,153.0,-26.00
1ns,47.0,153.0,-26.00
1ns,47.0,153.0,-26.00
1ns,47.0,153.0,-26.00
1ns,47.0,153.0,-26.00
1ns,47.0,153.0,-26.00
1ns,47.0,153.0,-26.00
1ns,47.0,153.0,-26.00
1ns,47.0,153.0,-26.00
1ns,47.0,154.0,-26.00
1ns,47.0,154.0,-26.00
1ns,47.0,154.0,-26.00
3ns,47.0,155.0,-26.00
3ns,47.0,155.0,-26.00
3ns,47.0,155.0,-26.00
3ns,47.0,155.0,-26.00
3ns,47.0,155.0,-26.00
3ns,47.0,155.0,-26.00
3ns,47.0,155.0,-26.00
3ns,47.0,155.0,-26.00
3ns,47.0,155.0,-26.00
3ns,47.0,155.0,-26.00
3ns,47.0,155.0,-26.00
3ns,47.0,155.0,-26.00
3ns,47.0,155.0,-26.00
3ns,47.0,155.0,-26.00
3ns,47.0,155.0,-26.00
3ns,47.0,155.0,-26.00
3ns,47.0,155.0,-26.00
3ns,47.0,155.0,-26.00
3ns,47.0,155.0,-26.00
3ns,47.0,155.0,-26.00
3ns,47.0,155.0,-26.00
3ns,47.0,155.0,-26.00
3ns,47.0,155.0,-26.00
3ns,47.0,155.0,-26.00
3ns,47.0,155.0,-26.00
3ns,47.0,155.0,-26.00
3ns,47.0,155.0,-26.00
3ns,47.0,155.0,-26.00
3ns,47.0,155.0,-26.00
3ns,47.0,155.0,-26.00
3ns,47.0,155.0,-26.00
3ns,47.0,155.0,-26.00
3ns,47.0,155.0,-26.00
3ns,47.0,155.0,-26.00
3ns,47.0,155.0,-26.00
3ns,47.0,155.0,-26.00
3ns,47.0,155.0,-26.00
3ns,47.0,155.0,-26.00
3ns,47.0,155.0,-26.00
3ns,47.0,155.0,-26.00
3ns,47.0,155.0,-26.00
3ns,48.0,156.0,-26.00
3ns,48.0,156.0,-26.00
3ns,48.0,156.0,-26.00
3ns,48.0,156.0,-26.00
3ns,48.0,156.0,-26.00
3ns,48.0,156.0,-26.00
3ns,48.0,156.0,-26.00
3ns,48.0,156.0,-26.00
3ns,48.0,156.0,-26.00
3ns,48.0,156.0,-26.00
3ns,48.0,156.0,-26.00
3ns,48.0,156.0,-26.00
3ns,48.0,156.0,-26.00
3ns,48.0,156.0,-26.00
3ns,48.0,156.0,-26.00
3ns,48.0,156.0,-26.00
3ns,48.0,156.0,-26.00
3ns,48.0,156.0,-26.00
3ns,48.0,156.0,-26.00
3ns,48.0,157.0,-26.00
3ns,48.0,157.0,-26.00
3ns,48.0,157.0,-26.00
3ns,48.0,157.0,-26.00
3ns,48.0,157.0,-26.00
3ns,48.0,157.0,-26.00
3ns,48.0,157.0,-26.00
3ns,48.0,157.0,-26.00
3ns,48.0,157.0,-26.00
3ns,48.0,157.0,-26.00
3ns,48.0,157.0,-26.00
3ns,48.0,157.0,-26.00
3ns,48.0,157.0,-26.00
3ns,48.0,157.0,-26.00
3ns,48.0,157.0,-26.00
3ns,48.0,157.0,-26.00
3ns,48.0,157.0,-26.00
3ns,48.0,157.0,-26.00
3ns,48.0,157.0,-26.00
3ns,48.0,157.0,-26.00
3ps,48.0,158.0,-26.00
3ps,48.0,158.0,-26.00
3ps,48.0,158.0,-26.00
3ps,48.0,158.0,-26.00
3ps,48.0,158.0,-26.00
3ps,48.0,158.0,-26.00
3ps,48.0,158.0,-26.00
3ps,48.0,158.0,-26.00
3ps,48.0,158.0,-26.00
3ps,48.0,158.0,-26.00
3ps,48.0,158.0,-26.00
3ps,49.0,159.0,-26.00
3ps,49.0,159.0,-26.00
3ps,49.0,159.0,-26.00
3ps,49.0,159.0,-26.00
3ps,49.0,159.0,-26.00
3ps,49.0,159.0,-26.00
3ps,49.0,159.0,-26.00
3ps,49.0,159.0,-26.00
3ps,49.0,159.0,-26.00
3ps,49.0,159.0,-26.00
3ps,49.0,159.0,-26.00
3ps,49.0,159.0,-26.00
3ps,49.0,159.0,-26.00
3ps,49.0,159.0,-26.00
3ps,49.0,159.0,-26.00
3ps,49.0,159.0,-26.00
3ps,49.0,159.0,-26.00
3ps,49.0,159.0,-26.00
3ps,49.0,159.0,-26.00
3ps,49.0,159.0,-26.00
3ps,49.0,159.0,-26.00
3ps,49.0,159.0,-26.00
3ps,49.0,159.0,-26.00
3ps,49.0,159.0,-26.00
3ps,49.0,159.0,-26.00
3ps,49.0,159.0,-26.00
3ps,49.0,159.0,-26.00
3ps,49.0,159.0,-26.00
3ps,49.0,159.0,-26.00
3ps,49.0,159.0,-26.00
3ps,49.0,159.0,-26.00
3ps,49.0,159.0,-26.00
3ps,49.0,159.0,-26.00
3ps,49.0,159.0,-26.00
3ps,49.0,159.0,-26.00
3ps,49.0,159.0,-26.00
3ps,49.0,159.0,-26.00
3ps,49.0,159.0,-26.00
3ps,49.0,159.0,-26.00
3ps,49.0,159.0,-26.00
3ps,49.0,159.0,-26.00
3ps,49.0,159.0,-26.00
3ps,49.0,159.0,-26.00
3ps,49.0,159.0,-26.00
3ps,49.0,159.0,-26.00
3ps,49.0,159.0,-26.00
3ps,49.0,159.0,-26.00
3ps,49.0,159.0,-26.00
3ps,49.0,159.0,-26.00
3ps,49.0,159.0,-26.00
3ps,49.0,159.0,-26.00
3ps,49.0,159.0,-26.00
3ps,49.0,159.0,-26.00
3ps,49.0,159.0,-26.00
3ps,49.0,159.0,-26.00
3ps,49.0,159.0,-26.00
3ps,49.0,159.0,-26.00
3ps,49.0,159.0,-26.00
3ps,49.0,159.0,-26.00
3ps,49.0,159.0,-26.00
3ps,50.0,160.0,-26.00
3ps,50.0,160.0,-26.00
3ps,50.0,161.0,-26.00
3ps,50.0,161.0,-26.00
3ps,50.0,161.0,-26.00
3ps,50.0,161.0,-26.00
3ps,50.0,161.0,-26.00
3ps,50.0,161.0,-26.00
3ps,50.0,161.0,-26.00
3ps,50.0,161.0,-26.00
3ps,50.0,162.0,-26.00
3ps,50.0,162.0,-26.00
3ps,51.0,163.0,-26.00
3ps,51.0,163.0,-26.00
3ps,51.0,163.0,-26.00
3ps,51.0,163.0,-26.00
3ps,51.0,163.0,-26.00
3ps,51.0,163.0,-26.00
3ps,51.0,163.0,-26.00
3ps,51.0,163.0,-26.00
3ps,51.0,163.0,-26.00
3ps,51.0,163.0,-26.00
3ps,51.0,163.0,-26.00
3ps,51.0,163.0,-26.00
3ps,51.0,163.0,-26.00
3ps,51.0,163.0,-26.00
3ps,51.0,163.0,-26.00
3ps,51.0,163.0,-26.00
3ps,51.0,163.0,-26.00
3ps,51.0,163.0,-26.00
3ps,51.0,163.0,-26.00
3ps,51.0,163.0,-26.00
3ps,51.0,163.0,-26.00
3ps,51.0,163.0,-26.00
3ps,51.0,163.0,-26.00
3ps,51.0,163.0,-26.00
3ps,51.0,163.0,-26.00
3ps,51.0,163.0,-26.00
3ps,51.0,163.0,-26.00
3ps,51.0,163.0,-26.00
3ps,51.0,163.0,-26.00
3ps,51.0,163.0,-26.00
3ps,51.0,163.0,-26.00
3ps,51.0,163.0,-26.00
3ps,51.0,163.0,-26.00
3ps,51.0,163.0,-26.00
3ps,51.0,164.0,-26.00
3ps,51.0,164.0,-26.00
3ps,51.0,164.0,-26.00
3ps,51.0,164.0,-26.00
3ps,51.0,164.0,-26.00
3ps,51.0,164.0,-26.00
3ps,51.0,164.0,-26.00
3ps,51.0,164.0,-26.00
3ps,51.0,164.0,-26.00
3ps,51.0,164.0,-26.00
3ps,51.0,164.0,-26.00
3ps,51.0,164.0,-26.00
3ps,51.0,164.0,-26.00
3ps,51.0,164.0,-26.00
3ps,51.0,165.0,-26.00
3ps,51.0,166.0,-26.00
3ps,51.0,166.0,-26.00
3ps,51.0,166.0,-26.00
3ps,51.0,166.0,-26.00
3ps,51.0,166.0,-26.00
3ps,51.0,166.0,-26.00
3ps,51.0,166.0,-26.00
3ps,51.0,166.0,-26.00
3ps,51.0,166.0,-26.00
3ps,52.0,167.0,-26.00
3ps,52.0,168.0,-26.00
3ps,52.0,168.0,-26.00
3ps,52.0,168.0,-26.00
3ps,52.0,168.0,-26.00
3ps,52.0,168.0,-26.00
3ps,52.0,168.0,-26.00
3ps,52.0,168.0,-26.00
3ps,52.0,168.0,-26.00
3ps,52.0,168.0,-26.00
3ps,52.0,168.0,-26.00
3ps,52.0,168.0,-26.00
3ps,52.0,168.0,-26.00
3ps,52.0,168.0,-26.00
3ps,52.0,168.0,-26.00
3ps,52.0,168.0,-26.00
3ps,52.0,168.0,-26.00
3ps,52.0,168.0,-26.00
3ps,52.0,168.0,-26.00
3ps,52.0,168.0,-26.00
3ps,52.0,168.0,-26.00
3ps,52.0,168.0,-26.00
3ps,52.0,168.0,-26.00
3ps,52.0,168.0,-26.00
3ps,52.0,168.0,-26.00
3ps,52.0,168.0,-26.00
3ps,52.0,168.0,-26.00
3ps,52.0,168.0,-26.00
3ps,52.0,168.0,-26.00
3ps,52.0,168.0,-26.00
3ps,52.0,168.0,-26.00
3ps,52.0,168.0,-26.00
3ps,52.0,168.0,-26.00
3ps,52.0,168.0,-26.00
300ps,52.0,169.0,-26.00
300ps,52.0,169.0,-26.00
300ps,52.0,169.0,-26.00
300ps,52.0,169.0,-26.00
300ps,52.0,169.0,-26.00
300ps,52.0,169.0,-26.00
300ps,52.0,169.0,-26.00
300ps,52.0,169.0,-26.00
300ps,52.0,169.0,-26.00
300ps,52.0,169.0,-26.00
300ps,52.0,169.0,-26.00
300ps,52.0,169.0,-26.00
300ps,53.0,170.0,-26.00
300ps,53.0,170.0,-26.00
300ps,53.0,170.0,-26.00
300ps,53.0,170.0,-26.00
300ps,53.0,170.0,-26.00
300ps,53.0,170.0,-26.00
300ps,53.0,170.0,-26.00
300ps,53.0,170.0,-26.00
300ps,53.0,170.0,-26.00
300ps,53.0,170.0,-26.00
300ps,53.0,170.0,-26.00
300ps,53.0,170.0,-26.00
300ps,53.0,170.0,-26.00
300ps,53.0,170.0,-26.00
300ps,53.0,170.0,-26.00
300ps,53.0,170.0,-26.00
300ps,53.0,170.0,-26.00
300ps,53.0,170.0,-26.00
300ps,53.0,170.0,-26.00
300ps,53.0,170.0,-26.00
300ps,53.0,170.0,-26.00
300ps,53.0,170.0,-26.00
300ps,53.0,170.0,-26.00
300ps,53.0,170.0,-26.00
300ps,53.0,170.0,-26.00
300ps,53.0,170.0,-26.00
300ps,53.0,170.0,-26.00
300ps,53.0,170.0,-26.00
300ps,53.0,170.0,-26.00
300ps,53.0,170.0,-26.00
300ps,53.0,170.0,-26.00
300ps,53.0,170.0,-26.00
300ps,53.0,170.0,-26.00
300ps,53.0,170.0,-26.00
300ps,53.0,170.0,-26.00
300ps,53.0,170.0,-26.00
300ps,53.0,170.0,-26.00
300ps,53.0,170.0,-26.00
300ps,53.0,170.0,-26.00
300ps,53.0,170.0,-26.00
300ps,53.0,170.0,-26.00
300ps,53.0,170.0,-26.00
300ps,53.0,170.0,-26.00
300ps,53.0,170.0,-26.00
300ps,53.0,170.0,-26.00
300ps,53.0,170.0,-26.00
300ps,53.0,171.0,-26.00
300ps,53.0,171.0,-26.00
300ps,53.0,173.0,-26.00
300ps,53.0,173.0,-26.00
300ps,53.0,173.0,-26.00
300ps,53.0,173.0,-26.00
300ps,53.0,173.0,-26.00
300ps,53.0,173.0,-26.00
300ps,53.0,173.0,-26.00
,53.0,173.0,0.00
,53.0,173.0,0.00
,53.0,173.0,0.00
,53.0,173.0,0.00
,53.0,173.0,0.00
,53.0,173.0,0.00
,53.0,173.0,0.00
,53.0,173.0,0.00
,53.0,173.0,0.00
,53.0,173.0,0.00
,53.0,173.0,0.00
,53.0,173.0,0.00
,53.0,173.0,0.00
,53.0,173.0,0.00
,53.0,173.0,0.00
,53.0,173.0,0.00
,53.0,173.0,0.00
,53.0,173.0,0.00
,53.0,173.0,0.00
,53.0,173.0,0.00
,53.0,173.0,0.00
300ps,54.0,174.0,-26.00
300ps,54.0,174.0,-26.00
300ps,54.0,174.0,-26.00
300ps,54.0,174.0,-26.00
300ps,54.0,175.0,-26.00
300ps,54.0,175.0,-26.00
300ps,54.0,175.0,-26.00
300ps,54.0,175.0,-26.00
300ps,54.0,175.0,-26.00
300ps,54.0,175.0,-26.00
300ps,54.0,175.0,-26.00
300ps,54.0,175.0,-26.00
300ps,54.0,175.0,-26.00
300ps,54.0,175.0,-26.00
300ps,54.0,175.0,-26.00
300ps,54.0,175.0,-26.00
300ps,54.0,175.0,-26.00
300ps,54.0,175.0,-26.00
300ps,54.0,175.0,-26.00
300ps,54.0,175.0,-26.00
300ps,54.0,175.0,-26.00
300ps,54.0,175.0,-26.00
300ps,54.0,175.0,-26.00
300ps,54.0,175.0,-26.00
300ps,54.0,175.0,-26.00
300ps,54.0,175.0,-26.00
300ps,54.0,175.0,-26.00
300ps,54.0,175.0,-26.00
300ps,54.0,175.0,-26.00
300ps,54.0,175.0,-26.00
300ps,54.0,175.0,-26.00
300ps,55.0,176.0,-26.00
300ps,55.0,176.0,-26.00
300ps,55.0,177.0,-26.00
300ps,55.0,177.0,-26.00
300ps,55.0,177.0,-26.00
300ps,55.0,177.0,-26.00
300ps,55.0,177.0,-26.00
300ps,55.0,177.0,-26.00
300ps,55.0,177.0,-26.00
300ps,55.0,177.0,-26.00
300ps,55.0,177.0,-26.00
300ps,55.0,177.0,-26.00
300ps,55.0,177.0,-26.00
300ps,55.0,177.0,-26.00
300ps,55.0,177.0,-26.00
300ps,55.0,177.0,-26.00
300ps,55.0,177.0,-26.00
300ps,55.0,177.0,-26.00
300ps,55.0,177.0,-26.00
300ps,55.0,177.0,-26.00
300ps,55.0,177.0,-26.00
300ps,55.0,177.0,-26.00
300ps,55.0,177.0,-26.00
300ps,55.0,177.0,-26.00
300ps,55.0,177.0,-26.00
300ps,55.0,177.0,-26.00
300ps,55.0,177.0,-26.00
300ps,55.0,177.0,-26.00
300ps,55.0,177.0,-26.00
300ps,55.0,177.0,-26.00
300ps,55.0,177.0,-26.00
300ps,55.0,177.0,-26.00
300ps,55.0,177.0,-26.00
300ps,55.0,177.0,-26.00
300ps,55.0,177.0,-26.00
300ps,55.0,177.0,-26.00
300ps,55.0,177.0,-26.00
300ps,55.0,177.0,-26.00
300ps,55.0,177.0,-26.00
300ps,55.0,177.0,-26.00
300ps,55.0,177.0,-26.00
300ps,55.0,177.0,-26.00
300ps,55.0,177.0,-26.00
300ps,55.0,177.0,-26.00
300ps,55.0,177.0,-26.00
300ps,55.0,177.0,-26.00
300ps,55.0,177.0,-26.00
300ps,55.0,177.0,-26.00
300ps,55.0,177.0,-26.00
300ps,55.0,177.0,-26.00
300ps,55.0,177.0,-26.00
300ps,55.0,177.0,-26.00
10us,55.0,178.0,-26.00
10us,55.0,178.0,-26.00
10us,55.0,178.0,-26.00
10us,55.0,178.0,-26.00
10us,56.0,179.0,-26.00
10us,56.0,179.0,-26.00
10us,56.0,179.0,-26.00
10us,56.0,179.0,-26.00
10us,56.0,179.0,-26.00
10us,56.0,179.0,-26.00
10us,56.0,179.0,-26.00
10us,56.0,179.0,-26.00
10us,56.0,179.0,-26.00
10us,56.0,179.0,-26.00
10us,56.0,179.0,-26.00
10us,56.0,179.0,-26.00
10us,56.0,179.0,-26.00
10us,56.0,179.0,-26.00
10us,56.0,179.0,-26.00
10us,56.0,179.0,-26.00
10us,56.0,179.0,-26.00
10us,56.0,179.0,-26.00
10us,56.0,179.0,-26.00
10us,56.0,179.0,-26.00
10us,56.0,179.0,-26.00
10us,56.0,179.0,-26.00
10us,56.0,179.0,-26.00
10us,56.0,179.0,-26.00
10us,56.0,179.0,-26.00
10us,56.0,179.0,-26.00
10us,56.0,179.0,-26.00
10us,56.0,179.0,-26.00
10us,56.0,179.0,-26.00
10us,56.0,179.0,-26.00
10us,56.0,179.0,-26.00
10us,56.0,179.0,-26.00
10us,56.0,179.0,-26.00
10us,56.0,179.0,-26.00
10us,56.0,179.0,-26.00
10us,56.0,179.0,-26.00
10us,56.0,179.0,-26.00
10us,56.0,179.0,-26.00
10us,56.0,179.0,-26.00
10us,56.0,179.0,-26.00
10us,56.0,179.0,-26.00
10us,56.0,179.0,-26.00
10us,56.0,179.0,-26.00
10us,56.0,179.0,-26.00
10us,56.0,179.0,-26.00
10us,56.0,179.0,-26.00
10us,56.0,179.0,-26.00
10us,56.0,179.0,-26.00
10us,56.0,179.0,-26.00
10us,57.0,181.0,-26.00
10us,57.0,181.0,-26.00
10us,57.0,181.0,-26.00
10us,57.0,181.0,-26.00
10us,57.0,181.0,-26.00
10us,57.0,181.0,-26.00
10us,57.0,181.0,-26.00
10us,57.0,181.0,-26.00
10us,57.0,181.0,-26.00
10us,57.0,181.0,-26.00
10us,57.0,181.0,-26.00
10us,57.0,181.0,-26.00
10us,57.0,181.0,-26.00
10us,57.0,181.0,-26.00
10us,57.0,181.0,-26.00
10us,57.0,181.0,-26.00
10us,57.0,181.0,-26.00
10us,57.0,181.0,-26.00
10us,57.0,181.0,-26.00
10us,57.0,181.0,-26.00
10us,57.0,181.0,-26.00
10us,57.0,181.0,-26.00
10us,57.0,181.0,-26.00
10us,57.0,181.0,-26.00
10us,57.0,181.0,-26.00
10us,57.0,181.0,-26.00
10us,57.0,181.0,-26.00
10us,57.0,181.0,-26.00
10us,57.0,181.0,-26.00
10us,57.0,181.0,-26.00
10us,57.0,181.0,-26.00
10us,57.0,181.0,-26.00
10us,57.0,181.0,-26.00
10us,57.0,181.0,-26.00
10us,57.0,181.0,-26.00
10us,57.0,181.0,-26.00
10us,57.0,181.0,-26.00
10us,57.0,181.0,-26.00
10us,57.0,181.0,-26.00
10us,57.0,181.0,-26.00
10us,57.0,181.0,-26.00
10us,57.0,181.0,-26.00
10us,57.0,181.0,-26.00
10us,57.0,181.0,-26.00
10us,57.0,181.0,-26.00
10us,57.0,181.0,-26.00
10us,57.0,181.0,-26.00
10us,57.0,181.0,-26.00
10us,57.0,181.0,-26.00
10us,57.0,181.0,-26.00
10us,57.0,181.0,-26.00
10us,57.0,181.0,-26.00
10us,57.0,181.0,-26.00
10us,57.0,181.0,-26.00
10us,57.0,181.0,-26.00
10us,57.0,181.0,-26.00
10us,57.0,181.0,-26.00
10us,57.0,181.0,-26.00
10us,57.0,181.0,-26.00
10us,57.0,181.0,-26.00
10us,57.0,181.0,-26.00
10us,58.0,182.0,-26.00
10us,58.0,182.0,-26.00
10us,58.0,182.0,-26.00
10us,58.0,182.0,-26.00
10us,58.0,182.0,-26.00
10us,58.0,183.0,-26.00
10us,58.0,183.0,-26.00
10us,58.0,183.0,-26.00
10us,58.0,183.0,-26.00
10us,58.0,183.0,-26.00
10us,58.0,183.0,-26.00
10us,58.0,183.0,-26.00
10us,58.0,183.0,-26.00
10us,58.0,183.0,-26.00
10us,58.0,183.0,-26.00
10us,58.0,183.0,-26.00
10us,58.0,183.0,-26.00
10us,58.0,183.0,-26.00
10us,58.0,183.0,-26.00
10us,58.0,183.0,-26.00
10us,58.0,183.0,-26.00
10us,58.0,183.0,-26.00
10us,58.0,183.0,-26.00
10us,58.0,183.0,-26.00
10us,58.0,183.0,-26.00
10us,58.0,183.0,-26.00
10us,58.0,183.0,-26.00
10us,58.0,183.0,-26.00
10us,58.0,183.0,-26.00
10us,58.0,183.0,-26.00
10us,58.0,183.0,-26.00
10us,58.0,183.0,-26.00
10us,58.0,183.0,-26.00
10us,58.0,183.0,-26.00
10us,58.0,183.0,-26.00
10us,58.0,183.0,-26.00
10us,58.0,183.0,-26.00
10us,58.0,183.0,-26.00
10us,58.0,183.0,-26.00
10us,58.0,183.0,-26.00
10us,58.0,183.0,-26.00
10us,58.0,183.0,-26.00
10us,58.0,183.0,-26.00
10us,58.0,183.0,-26.00
10us,58.0,183.0,-26.00
10us,58.0,183.0,-26.00
10us,59.0,184.0,-26.00
10us,59.0,184.0,-26.00
10us,59.0,184.0,-26.00
10us,59.0,184.0,-26.00
10us,59.0,184.0,-26.00
10us,59.0,184.0,-26.00
10us,59.0,184.0,-26.00
10us,59.0,184.0,-26.00
10us,59.0,184.0,-26.00
10us,59.0,184.0,-26.00
10us,59.0,184.0,-26.00
10us,59.0,184.0,-26.00
10us,59.0,184.0,-26.00
10us,59.0,184.0,-26.00
10us,59.0,184.0,-26.00
10us,59.0,184.0,-26.00
10ns,59.0,185.0,-12.00
10ns,59.0,185.0,-12.00
10ns,59.0,185.0,-12.00
10ns,59.0,185.0,-12.00
10ns,59.0,185.0,-12.00
10ns,59.0,185.0,-12.00
10ns,59.0,185.0,-12.00
10ns,59.0,185.0,-12.00
10ns,59.0,185.0,-12.00
10ns,59.0,185.0,-12.00
10ns,59.0,185.0,-12.00
10ns,59.0,185.0,-12.00
10ns,59.0,185.0,-12.00
10ns,59.0,185.0,-12.00
10ns,59.0,185.0,-12.00
10ns,59.0,185.0,-12.00
10ns,59.0,185.0,-12.00
10ns,59.0,185.0,-12.00
10ns,59.0,185.0,-12.00
10ns,59.0,185.0,-12.00
10ns,59.0,185.0,-12.00
10ns,59.0,185.0,-12.00
10ns,59.0,185.0,-12.00
10ns,59.0,185.0,-12.00
10ns,59.0,185.0,-12.00
10ns,59.0,185.0,-12.00
10ns,59.0,185.0,-12.00
10ns,59.0,185.0,-12.00
10ns,59.0,185.0,-12.00
10ns,59.0,185.0,-12.00
10ns,59.0,185.0,-12.00
10ns,59.0,185.0,-12.00
10ns,59.0,185.0,-12.00
10ns,59.0,185.0,-12.00
10ns,59.0,185.0,-12.00
10ns,59.0,185.0,-12.00
