run_number,run_number
pl_starting_reservoir,pl_finishing_reservoir
19.00,20.00
21.00,22.00
23.00,33.00
34.00,37.00
38.00,40.00
41.00,42.00
43.00,45.00
46.00,48.00
49.00,50.00
51.00,54.00
55.00,56.00
57.00,59.00
60.00,64.00
65.00,66.00
67.00,68.00
69.00,72.00
73.00,74.00
75.00,76.00
77.00,79.00
80.00,84.00
85.00,87.00
88.00,89.00
90.00,93.00
94.00,94.00
95.00,97.00
98.00,100.00
101.00,103.00
104.00,109.00
110.00,113.00
113.00,115.00
116.00,117.00
118.00,121.00
122.00,128.00
129.00,133.00
135.00,135.00
136.00,136.00
137.00,137.00
138.00,141.00
143.00,145.00
146.00,148.00
149.00,149.00
150.00,152.00
153.00,155.00
156.00,158.00
159.00,159.00
160.00,162.00
163.00,166.00
167.00,169.00
170.00,173.00
174.00,175.00
176.00,178.00
179.00,179.00
181.00,181.00
182.00,183.00
184.00,185.00
142.00,142.00
